"Tag Code","Mark File Name","Mark Data Project Code and Name","Mark Site Name","Mark Date MMDDYYYY","Release Site Name","Release Date MMDDYYYY","Species Code","Species Name","Run Code","Run Name","Rear Type Code","Rear Type Name","Hatchery Code","Hatchery Name","Mark Site Basin Name","Mark Site Basin Code","Mark Site Subbasin Code","Mark Site Subbasin Name","Release Site Basin Name","Release Site Basin Code","Release Site Subbasin Code","Release Site Subbasin Name","Stock Name","Capture Method Name","Capture Method Code","Mark Count"
"3D9.1BF110123B","DMM05112.TP1","DMM - Tiffani Marsh Projects","LGR - Lower Granite Dam","4/22/2005","LGRRBR - LGR - Release below the PIT-Tag Diversion System Gate with subsequent Barge Transportation from the Facility","4/22/2005","3","Steelhead","2","Summer","W","Wild Fish or Natural Production","","No Hatchery Specified","Lower Snake","170601","17060107","Lower Snake-Tucannon","Lower Snake","170601","17060107","Lower Snake-Tucannon","","Bypass Sub-Sample","BPSUB","1"
"3D9.1BF110843F","DMM05119.TP1","DMM - Tiffani Marsh Projects","LGR - Lower Granite Dam","4/29/2005","LGRRBR - LGR - Release below the PIT-Tag Diversion System Gate with subsequent Barge Transportation from the Facility","4/29/2005","3","Steelhead","2","Summer","W","Wild Fish or Natural Production","","No Hatchery Specified","Lower Snake","170601","17060107","Lower Snake-Tucannon","Lower Snake","170601","17060107","Lower Snake-Tucannon","","Bypass Sub-Sample","BPSUB","1"
"3D9.1BF110857C","DMM05116.TP1","DMM - Tiffani Marsh Projects","LGR - Lower Granite Dam","4/26/2005","LGRRBR - LGR - Release below the PIT-Tag Diversion System Gate with subsequent Barge Transportation from the Facility","4/26/2005","3","Steelhead","2","Summer","W","Wild Fish or Natural Production","","No Hatchery Specified","Lower Snake","170601","17060107","Lower Snake-Tucannon","Lower Snake","170601","17060107","Lower Snake-Tucannon","","Bypass Facility Raceway Collection","BPRCOL","1"
"3D9.1BF112F893","DMM05112.TP1","DMM - Tiffani Marsh Projects","LGR - Lower Granite Dam","4/22/2005","LGRRBR - LGR - Release below the PIT-Tag Diversion System Gate with subsequent Barge Transportation from the Facility","4/22/2005","3","Steelhead","2","Summer","W","Wild Fish or Natural Production","","No Hatchery Specified","Lower Snake","170601","17060107","Lower Snake-Tucannon","Lower Snake","170601","17060107","Lower Snake-Tucannon","","Bypass Sub-Sample","BPSUB","1"
"3D9.1BF12FDD0F","DMM05123.TP1","DMM - Tiffani Marsh Projects","LGR - Lower Granite Dam","5/3/2005","LGRRBR - LGR - Release below the PIT-Tag Diversion System Gate with subsequent Barge Transportation from the Facility","5/3/2005","3","Steelhead","2","Summer","W","Wild Fish or Natural Production","","No Hatchery Specified","Lower Snake","170601","17060107","Lower Snake-Tucannon","Lower Snake","170601","17060107","Lower Snake-Tucannon","","Bypass Facility Raceway Collection","BPRCOL","1"
"3D9.1BF1307A5A","DMM05122.TP1","DMM - Tiffani Marsh Projects","LGR - Lower Granite Dam","5/2/2005","LGRRBR - LGR - Release below the PIT-Tag Diversion System Gate with subsequent Barge Transportation from the Facility","5/3/2005","3","Steelhead","2","Summer","W","Wild Fish or Natural Production","","No Hatchery Specified","Lower Snake","170601","17060107","Lower Snake-Tucannon","Lower Snake","170601","17060107","Lower Snake-Tucannon","","Bypass Facility Raceway Collection","BPRCOL","1"
"3D9.1BF1555EBD","DMM05144.TP1","DMM - Tiffani Marsh Projects","LGR - Lower Granite Dam","5/24/2005","LGRRBR - LGR - Release below the PIT-Tag Diversion System Gate with subsequent Barge Transportation from the Facility","5/25/2005","3","Steelhead","2","Summer","W","Wild Fish or Natural Production","","No Hatchery Specified","Lower Snake","170601","17060107","Lower Snake-Tucannon","Lower Snake","170601","17060107","Lower Snake-Tucannon","","Bypass Facility Raceway Collection","BPRCOL","1"
"3D9.1BF15586C6","DMM05145.TP1","DMM - Tiffani Marsh Projects","LGR - Lower Granite Dam","5/25/2005","LGRRBR - LGR - Release below the PIT-Tag Diversion System Gate with subsequent Barge Transportation from the Facility","5/26/2005","3","Steelhead","2","Summer","W","Wild Fish or Natural Production","","No Hatchery Specified","Lower Snake","170601","17060107","Lower Snake-Tucannon","Lower Snake","170601","17060107","Lower Snake-Tucannon","","Bypass Facility Raceway Collection","BPRCOL","1"
"3D9.1BF16401F8","DMM05147.TP1","DMM - Tiffani Marsh Projects","LGR - Lower Granite Dam","5/27/2005","LGRRBR - LGR - Release below the PIT-Tag Diversion System Gate with subsequent Barge Transportation from the Facility","5/28/2005","3","Steelhead","2","Summer","W","Wild Fish or Natural Production","","No Hatchery Specified","Lower Snake","170601","17060107","Lower Snake-Tucannon","Lower Snake","170601","17060107","Lower Snake-Tucannon","","Bypass Facility Raceway Collection","BPRCOL","1"
"3D9.1BF1661679","DMM05143.TP1","DMM - Tiffani Marsh Projects","LGR - Lower Granite Dam","5/23/2005","LGRRBR - LGR - Release below the PIT-Tag Diversion System Gate with subsequent Barge Transportation from the Facility","5/24/2005","3","Steelhead","2","Summer","W","Wild Fish or Natural Production","","No Hatchery Specified","Lower Snake","170601","17060107","Lower Snake-Tucannon","Lower Snake","170601","17060107","Lower Snake-Tucannon","","Bypass Facility Raceway Collection","BPRCOL","1"
"3D9.1BF166DA12","DMM05145.TP1","DMM - Tiffani Marsh Projects","LGR - Lower Granite Dam","5/25/2005","LGRRBR - LGR - Release below the PIT-Tag Diversion System Gate with subsequent Barge Transportation from the Facility","5/26/2005","3","Steelhead","2","Summer","W","Wild Fish or Natural Production","","No Hatchery Specified","Lower Snake","170601","17060107","Lower Snake-Tucannon","Lower Snake","170601","17060107","Lower Snake-Tucannon","","Bypass Facility Raceway Collection","BPRCOL","1"
"3D9.1BF1A1E0EA","MLS05069.TC1","MLS - Mark Schuck Projects","TUCH - Tucannon River Hatchery","3/10/2005","TUCR - Tucannon River","3/30/2005","3","Steelhead","2","Summer","H","Hatchery Reared","TUCH","Tucannon Hatchery","Lower Snake","170601","17060107","Lower Snake-Tucannon","Lower Snake","170601","17060107","Lower Snake-Tucannon","TUCANNON","Dip Net","DIPNET","1"
"3D9.1BF1BB2A68","DMM05139.TP1","DMM - Tiffani Marsh Projects","LGR - Lower Granite Dam","5/19/2005","LGRRBR - LGR - Release below the PIT-Tag Diversion System Gate with subsequent Barge Transportation from the Facility","5/20/2005","3","Steelhead","2","Summer","W","Wild Fish or Natural Production","","No Hatchery Specified","Lower Snake","170601","17060107","Lower Snake-Tucannon","Lower Snake","170601","17060107","Lower Snake-Tucannon","","Bypass Facility Raceway Collection","BPRCOL","1"
"3D9.1BF1BB2E0A","DMM05126.TP1","DMM - Tiffani Marsh Projects","LGR - Lower Granite Dam","5/6/2005","LGRRBR - LGR - Release below the PIT-Tag Diversion System Gate with subsequent Barge Transportation from the Facility","5/7/2005","3","Steelhead","2","Summer","W","Wild Fish or Natural Production","","No Hatchery Specified","Lower Snake","170601","17060107","Lower Snake-Tucannon","Lower Snake","170601","17060107","Lower Snake-Tucannon","","Bypass Facility Raceway Collection","BPRCOL","1"
"3D9.1BF1BB2E22","DMM05126.TP1","DMM - Tiffani Marsh Projects","LGR - Lower Granite Dam","5/6/2005","LGRRBR - LGR - Release below the PIT-Tag Diversion System Gate with subsequent Barge Transportation from the Facility","5/7/2005","3","Steelhead","2","Summer","W","Wild Fish or Natural Production","","No Hatchery Specified","Lower Snake","170601","17060107","Lower Snake-Tucannon","Lower Snake","170601","17060107","Lower Snake-Tucannon","","Bypass Facility Raceway Collection","BPRCOL","1"
"3D9.1BF1BB36F5","DMM05132.TP1","DMM - Tiffani Marsh Projects","LGR - Lower Granite Dam","5/12/2005","LGRRBR - LGR - Release below the PIT-Tag Diversion System Gate with subsequent Barge Transportation from the Facility","5/13/2005","3","Steelhead","2","Summer","W","Wild Fish or Natural Production","","No Hatchery Specified","Lower Snake","170601","17060107","Lower Snake-Tucannon","Lower Snake","170601","17060107","Lower Snake-Tucannon","","Bypass Facility Raceway Collection","BPRCOL","1"
"3D9.1BF1BB3712","DMM05136.TP1","DMM - Tiffani Marsh Projects","LGR - Lower Granite Dam","5/16/2005","LGRRBR - LGR - Release below the PIT-Tag Diversion System Gate with subsequent Barge Transportation from the Facility","5/17/2005","3","Steelhead","2","Summer","W","Wild Fish or Natural Production","","No Hatchery Specified","Lower Snake","170601","17060107","Lower Snake-Tucannon","Lower Snake","170601","17060107","Lower Snake-Tucannon","","Bypass Facility Raceway Collection","BPRCOL","1"
"3D9.1BF1BB4057","DMM05136.TP1","DMM - Tiffani Marsh Projects","LGR - Lower Granite Dam","5/16/2005","LGRRBR - LGR - Release below the PIT-Tag Diversion System Gate with subsequent Barge Transportation from the Facility","5/17/2005","3","Steelhead","2","Summer","W","Wild Fish or Natural Production","","No Hatchery Specified","Lower Snake","170601","17060107","Lower Snake-Tucannon","Lower Snake","170601","17060107","Lower Snake-Tucannon","","Bypass Facility Raceway Collection","BPRCOL","1"
"3D9.1BF1BB4A3E","DMM05136.TP1","DMM - Tiffani Marsh Projects","LGR - Lower Granite Dam","5/16/2005","LGRRBR - LGR - Release below the PIT-Tag Diversion System Gate with subsequent Barge Transportation from the Facility","5/17/2005","3","Steelhead","2","Summer","W","Wild Fish or Natural Production","","No Hatchery Specified","Lower Snake","170601","17060107","Lower Snake-Tucannon","Lower Snake","170601","17060107","Lower Snake-Tucannon","","Bypass Facility Raceway Collection","BPRCOL","1"
"3D9.1BF1BB641E","DMM05124.TP1","DMM - Tiffani Marsh Projects","LGR - Lower Granite Dam","5/4/2005","LGRRBR - LGR - Release below the PIT-Tag Diversion System Gate with subsequent Barge Transportation from the Facility","5/5/2005","3","Steelhead","2","Summer","W","Wild Fish or Natural Production","","No Hatchery Specified","Lower Snake","170601","17060107","Lower Snake-Tucannon","Lower Snake","170601","17060107","Lower Snake-Tucannon","","Bypass Facility Raceway Collection","BPRCOL","1"
"3D9.1BF1BC5902","DMM05138.TP1","DMM - Tiffani Marsh Projects","LGR - Lower Granite Dam","5/18/2005","LGRRBR - LGR - Release below the PIT-Tag Diversion System Gate with subsequent Barge Transportation from the Facility","5/19/2005","3","Steelhead","2","Summer","W","Wild Fish or Natural Production","","No Hatchery Specified","Lower Snake","170601","17060107","Lower Snake-Tucannon","Lower Snake","170601","17060107","Lower Snake-Tucannon","","Bypass Facility Raceway Collection","BPRCOL","1"
"3D9.1BF1BC61B2","DMM05139.TP1","DMM - Tiffani Marsh Projects","LGR - Lower Granite Dam","5/19/2005","LGRRBR - LGR - Release below the PIT-Tag Diversion System Gate with subsequent Barge Transportation from the Facility","5/20/2005","3","Steelhead","2","Summer","W","Wild Fish or Natural Production","","No Hatchery Specified","Lower Snake","170601","17060107","Lower Snake-Tucannon","Lower Snake","170601","17060107","Lower Snake-Tucannon","","Bypass Facility Raceway Collection","BPRCOL","1"
"3D9.1BF1BC69BC","DMM05137.TP1","DMM - Tiffani Marsh Projects","LGR - Lower Granite Dam","5/17/2005","LGRRBR - LGR - Release below the PIT-Tag Diversion System Gate with subsequent Barge Transportation from the Facility","5/18/2005","3","Steelhead","2","Summer","W","Wild Fish or Natural Production","","No Hatchery Specified","Lower Snake","170601","17060107","Lower Snake-Tucannon","Lower Snake","170601","17060107","Lower Snake-Tucannon","","Bypass Facility Raceway Collection","BPRCOL","1"
"3D9.1BF1BC6B1F","DMM05133.TP1","DMM - Tiffani Marsh Projects","LGR - Lower Granite Dam","5/13/2005","LGRRBR - LGR - Release below the PIT-Tag Diversion System Gate with subsequent Barge Transportation from the Facility","5/14/2005","3","Steelhead","2","Summer","W","Wild Fish or Natural Production","","No Hatchery Specified","Lower Snake","170601","17060107","Lower Snake-Tucannon","Lower Snake","170601","17060107","Lower Snake-Tucannon","","Bypass Facility Raceway Collection","BPRCOL","1"
"3D9.1BF1BC72AA","DMM05139.TP1","DMM - Tiffani Marsh Projects","LGR - Lower Granite Dam","5/19/2005","LGRRBR - LGR - Release below the PIT-Tag Diversion System Gate with subsequent Barge Transportation from the Facility","5/20/2005","3","Steelhead","2","Summer","W","Wild Fish or Natural Production","","No Hatchery Specified","Lower Snake","170601","17060107","Lower Snake-Tucannon","Lower Snake","170601","17060107","Lower Snake-Tucannon","","Bypass Facility Raceway Collection","BPRCOL","1"
"3D9.1BF1BCA36E","DMM05132.TP1","DMM - Tiffani Marsh Projects","LGR - Lower Granite Dam","5/12/2005","LGRRBR - LGR - Release below the PIT-Tag Diversion System Gate with subsequent Barge Transportation from the Facility","5/13/2005","3","Steelhead","2","Summer","W","Wild Fish or Natural Production","","No Hatchery Specified","Lower Snake","170601","17060107","Lower Snake-Tucannon","Lower Snake","170601","17060107","Lower Snake-Tucannon","","Bypass Facility Raceway Collection","BPRCOL","1"
"3D9.1BF1BCE24E","DMM05134.TP1","DMM - Tiffani Marsh Projects","LGR - Lower Granite Dam","5/14/2005","LGRRBR - LGR - Release below the PIT-Tag Diversion System Gate with subsequent Barge Transportation from the Facility","5/15/2005","3","Steelhead","2","Summer","W","Wild Fish or Natural Production","","No Hatchery Specified","Lower Snake","170601","17060107","Lower Snake-Tucannon","Lower Snake","170601","17060107","Lower Snake-Tucannon","","Bypass Facility Raceway Collection","BPRCOL","1"
"3D9.1BF1BCEE06","DMM05130.TP1","DMM - Tiffani Marsh Projects","LGR - Lower Granite Dam","5/10/2005","LGRRBR - LGR - Release below the PIT-Tag Diversion System Gate with subsequent Barge Transportation from the Facility","5/11/2005","3","Steelhead","2","Summer","W","Wild Fish or Natural Production","","No Hatchery Specified","Lower Snake","170601","17060107","Lower Snake-Tucannon","Lower Snake","170601","17060107","Lower Snake-Tucannon","","Bypass Facility Raceway Collection","BPRCOL","1"
"3D9.1BF1BD3915","DMM05138.TP1","DMM - Tiffani Marsh Projects","LGR - Lower Granite Dam","5/18/2005","LGRRBR - LGR - Release below the PIT-Tag Diversion System Gate with subsequent Barge Transportation from the Facility","5/19/2005","3","Steelhead","2","Summer","W","Wild Fish or Natural Production","","No Hatchery Specified","Lower Snake","170601","17060107","Lower Snake-Tucannon","Lower Snake","170601","17060107","Lower Snake-Tucannon","","Bypass Facility Raceway Collection","BPRCOL","1"
"3D9.1BF1BDB82E","DMM05132.TP1","DMM - Tiffani Marsh Projects","LGR - Lower Granite Dam","5/12/2005","LGRRBR - LGR - Release below the PIT-Tag Diversion System Gate with subsequent Barge Transportation from the Facility","5/13/2005","3","Steelhead","2","Summer","W","Wild Fish or Natural Production","","No Hatchery Specified","Lower Snake","170601","17060107","Lower Snake-Tucannon","Lower Snake","170601","17060107","Lower Snake-Tucannon","","Bypass Facility Raceway Collection","BPRCOL","1"
"3D9.1BF1BDC7E0","DMM05138.TP1","DMM - Tiffani Marsh Projects","LGR - Lower Granite Dam","5/18/2005","LGRRBR - LGR - Release below the PIT-Tag Diversion System Gate with subsequent Barge Transportation from the Facility","5/19/2005","3","Steelhead","2","Summer","W","Wild Fish or Natural Production","","No Hatchery Specified","Lower Snake","170601","17060107","Lower Snake-Tucannon","Lower Snake","170601","17060107","Lower Snake-Tucannon","","Bypass Facility Raceway Collection","BPRCOL","1"
"3D9.1BF1BDED92","DMM05136.TP1","DMM - Tiffani Marsh Projects","LGR - Lower Granite Dam","5/16/2005","LGRRBR - LGR - Release below the PIT-Tag Diversion System Gate with subsequent Barge Transportation from the Facility","5/17/2005","3","Steelhead","2","Summer","W","Wild Fish or Natural Production","","No Hatchery Specified","Lower Snake","170601","17060107","Lower Snake-Tucannon","Lower Snake","170601","17060107","Lower Snake-Tucannon","","Bypass Facility Raceway Collection","BPRCOL","1"
"3D9.1BF1BDEF09","DMM05126.TP1","DMM - Tiffani Marsh Projects","LGR - Lower Granite Dam","5/6/2005","LGRRBR - LGR - Release below the PIT-Tag Diversion System Gate with subsequent Barge Transportation from the Facility","5/7/2005","3","Steelhead","2","Summer","W","Wild Fish or Natural Production","","No Hatchery Specified","Lower Snake","170601","17060107","Lower Snake-Tucannon","Lower Snake","170601","17060107","Lower Snake-Tucannon","","Bypass Facility Raceway Collection","BPRCOL","1"
"3D9.1BF1BDF122","DMM05132.TP1","DMM - Tiffani Marsh Projects","LGR - Lower Granite Dam","5/12/2005","LGRRBR - LGR - Release below the PIT-Tag Diversion System Gate with subsequent Barge Transportation from the Facility","5/13/2005","3","Steelhead","2","Summer","W","Wild Fish or Natural Production","","No Hatchery Specified","Lower Snake","170601","17060107","Lower Snake-Tucannon","Lower Snake","170601","17060107","Lower Snake-Tucannon","","Bypass Facility Raceway Collection","BPRCOL","1"
"3D9.1BF1BDFA73","DMM05133.TP1","DMM - Tiffani Marsh Projects","LGR - Lower Granite Dam","5/13/2005","LGRRBR - LGR - Release below the PIT-Tag Diversion System Gate with subsequent Barge Transportation from the Facility","5/14/2005","3","Steelhead","2","Summer","W","Wild Fish or Natural Production","","No Hatchery Specified","Lower Snake","170601","17060107","Lower Snake-Tucannon","Lower Snake","170601","17060107","Lower Snake-Tucannon","","Bypass Facility Raceway Collection","BPRCOL","1"
"3D9.1BF1BDFBAF","DMM05132.TP1","DMM - Tiffani Marsh Projects","LGR - Lower Granite Dam","5/12/2005","LGRRBR - LGR - Release below the PIT-Tag Diversion System Gate with subsequent Barge Transportation from the Facility","5/13/2005","3","Steelhead","2","Summer","W","Wild Fish or Natural Production","","No Hatchery Specified","Lower Snake","170601","17060107","Lower Snake-Tucannon","Lower Snake","170601","17060107","Lower Snake-Tucannon","","Bypass Facility Raceway Collection","BPRCOL","1"
"3D9.1BF1BDFC9B","DMM05134.TP1","DMM - Tiffani Marsh Projects","LGR - Lower Granite Dam","5/14/2005","LGRRBR - LGR - Release below the PIT-Tag Diversion System Gate with subsequent Barge Transportation from the Facility","5/15/2005","3","Steelhead","2","Summer","W","Wild Fish or Natural Production","","No Hatchery Specified","Lower Snake","170601","17060107","Lower Snake-Tucannon","Lower Snake","170601","17060107","Lower Snake-Tucannon","","Bypass Facility Raceway Collection","BPRCOL","1"
"3D9.1BF1BDFCAB","DMM05138.TP1","DMM - Tiffani Marsh Projects","LGR - Lower Granite Dam","5/18/2005","LGRRBR - LGR - Release below the PIT-Tag Diversion System Gate with subsequent Barge Transportation from the Facility","5/19/2005","3","Steelhead","2","Summer","W","Wild Fish or Natural Production","","No Hatchery Specified","Lower Snake","170601","17060107","Lower Snake-Tucannon","Lower Snake","170601","17060107","Lower Snake-Tucannon","","Bypass Facility Raceway Collection","BPRCOL","1"
"3D9.1BF1BE008C","DMM05138.TP1","DMM - Tiffani Marsh Projects","LGR - Lower Granite Dam","5/18/2005","LGRRBR - LGR - Release below the PIT-Tag Diversion System Gate with subsequent Barge Transportation from the Facility","5/19/2005","3","Steelhead","2","Summer","W","Wild Fish or Natural Production","","No Hatchery Specified","Lower Snake","170601","17060107","Lower Snake-Tucannon","Lower Snake","170601","17060107","Lower Snake-Tucannon","","Bypass Facility Raceway Collection","BPRCOL","1"
"3D9.1BF1BE3B1A","DMM05129.TP1","DMM - Tiffani Marsh Projects","LGR - Lower Granite Dam","5/9/2005","LGRRBR - LGR - Release below the PIT-Tag Diversion System Gate with subsequent Barge Transportation from the Facility","5/10/2005","3","Steelhead","2","Summer","W","Wild Fish or Natural Production","","No Hatchery Specified","Lower Snake","170601","17060107","Lower Snake-Tucannon","Lower Snake","170601","17060107","Lower Snake-Tucannon","","Bypass Facility Raceway Collection","BPRCOL","1"
"3D9.1BF1BEBFA5","DMM05139.TP1","DMM - Tiffani Marsh Projects","LGR - Lower Granite Dam","5/19/2005","LGRRBR - LGR - Release below the PIT-Tag Diversion System Gate with subsequent Barge Transportation from the Facility","5/20/2005","3","Steelhead","2","Summer","W","Wild Fish or Natural Production","","No Hatchery Specified","Lower Snake","170601","17060107","Lower Snake-Tucannon","Lower Snake","170601","17060107","Lower Snake-Tucannon","","Bypass Facility Raceway Collection","BPRCOL","1"
"3D9.1BF1BEC00D","DMM05133.TP1","DMM - Tiffani Marsh Projects","LGR - Lower Granite Dam","5/13/2005","LGRRBR - LGR - Release below the PIT-Tag Diversion System Gate with subsequent Barge Transportation from the Facility","5/14/2005","3","Steelhead","2","Summer","W","Wild Fish or Natural Production","","No Hatchery Specified","Lower Snake","170601","17060107","Lower Snake-Tucannon","Lower Snake","170601","17060107","Lower Snake-Tucannon","","Bypass Facility Raceway Collection","BPRCOL","1"
"3D9.1BF1BEC2EC","DMM05143.TP1","DMM - Tiffani Marsh Projects","LGR - Lower Granite Dam","5/23/2005","LGRRBR - LGR - Release below the PIT-Tag Diversion System Gate with subsequent Barge Transportation from the Facility","5/24/2005","3","Steelhead","2","Summer","W","Wild Fish or Natural Production","","No Hatchery Specified","Lower Snake","170601","17060107","Lower Snake-Tucannon","Lower Snake","170601","17060107","Lower Snake-Tucannon","","Bypass Facility Raceway Collection","BPRCOL","1"
"3D9.1BF1BEC703","DMM05138.TP1","DMM - Tiffani Marsh Projects","LGR - Lower Granite Dam","5/18/2005","LGRRBR - LGR - Release below the PIT-Tag Diversion System Gate with subsequent Barge Transportation from the Facility","5/19/2005","3","Steelhead","2","Summer","W","Wild Fish or Natural Production","","No Hatchery Specified","Lower Snake","170601","17060107","Lower Snake-Tucannon","Lower Snake","170601","17060107","Lower Snake-Tucannon","","Bypass Facility Raceway Collection","BPRCOL","1"
"3D9.1BF1BEC948","DMM05134.TP1","DMM - Tiffani Marsh Projects","LGR - Lower Granite Dam","5/14/2005","LGRRBR - LGR - Release below the PIT-Tag Diversion System Gate with subsequent Barge Transportation from the Facility","5/15/2005","3","Steelhead","2","Summer","W","Wild Fish or Natural Production","","No Hatchery Specified","Lower Snake","170601","17060107","Lower Snake-Tucannon","Lower Snake","170601","17060107","Lower Snake-Tucannon","","Bypass Facility Raceway Collection","BPRCOL","1"
"3D9.1BF1BECCD5","DMM05137.TP1","DMM - Tiffani Marsh Projects","LGR - Lower Granite Dam","5/17/2005","LGRRBR - LGR - Release below the PIT-Tag Diversion System Gate with subsequent Barge Transportation from the Facility","5/18/2005","3","Steelhead","2","Summer","W","Wild Fish or Natural Production","","No Hatchery Specified","Lower Snake","170601","17060107","Lower Snake-Tucannon","Lower Snake","170601","17060107","Lower Snake-Tucannon","","Bypass Facility Raceway Collection","BPRCOL","1"
"3D9.1BF1BECECD","DMM05134.TP1","DMM - Tiffani Marsh Projects","LGR - Lower Granite Dam","5/14/2005","LGRRBR - LGR - Release below the PIT-Tag Diversion System Gate with subsequent Barge Transportation from the Facility","5/15/2005","3","Steelhead","2","Summer","W","Wild Fish or Natural Production","","No Hatchery Specified","Lower Snake","170601","17060107","Lower Snake-Tucannon","Lower Snake","170601","17060107","Lower Snake-Tucannon","","Bypass Facility Raceway Collection","BPRCOL","1"
"3D9.1BF1BECED4","DMM05131.TP1","DMM - Tiffani Marsh Projects","LGR - Lower Granite Dam","5/11/2005","LGRRBR - LGR - Release below the PIT-Tag Diversion System Gate with subsequent Barge Transportation from the Facility","5/12/2005","3","Steelhead","2","Summer","W","Wild Fish or Natural Production","","No Hatchery Specified","Lower Snake","170601","17060107","Lower Snake-Tucannon","Lower Snake","170601","17060107","Lower Snake-Tucannon","","Bypass Facility Raceway Collection","BPRCOL","1"
"3D9.1BF1BED4F0","DMM05136.TP1","DMM - Tiffani Marsh Projects","LGR - Lower Granite Dam","5/16/2005","LGRRBR - LGR - Release below the PIT-Tag Diversion System Gate with subsequent Barge Transportation from the Facility","5/17/2005","3","Steelhead","2","Summer","W","Wild Fish or Natural Production","","No Hatchery Specified","Lower Snake","170601","17060107","Lower Snake-Tucannon","Lower Snake","170601","17060107","Lower Snake-Tucannon","","Bypass Facility Raceway Collection","BPRCOL","1"
"3D9.1BF1BED635","DMM05134.TP1","DMM - Tiffani Marsh Projects","LGR - Lower Granite Dam","5/14/2005","LGRRBR - LGR - Release below the PIT-Tag Diversion System Gate with subsequent Barge Transportation from the Facility","5/15/2005","3","Steelhead","2","Summer","W","Wild Fish or Natural Production","","No Hatchery Specified","Lower Snake","170601","17060107","Lower Snake-Tucannon","Lower Snake","170601","17060107","Lower Snake-Tucannon","","Bypass Facility Raceway Collection","BPRCOL","1"
"3D9.1BF1BED6DB","DMM05139.TP1","DMM - Tiffani Marsh Projects","LGR - Lower Granite Dam","5/19/2005","LGRRBR - LGR - Release below the PIT-Tag Diversion System Gate with subsequent Barge Transportation from the Facility","5/20/2005","3","Steelhead","2","Summer","W","Wild Fish or Natural Production","","No Hatchery Specified","Lower Snake","170601","17060107","Lower Snake-Tucannon","Lower Snake","170601","17060107","Lower Snake-Tucannon","","Bypass Facility Raceway Collection","BPRCOL","1"
"3D9.1BF1BED8CC","DMM05137.TP1","DMM - Tiffani Marsh Projects","LGR - Lower Granite Dam","5/17/2005","LGRRBR - LGR - Release below the PIT-Tag Diversion System Gate with subsequent Barge Transportation from the Facility","5/18/2005","3","Steelhead","2","Summer","W","Wild Fish or Natural Production","","No Hatchery Specified","Lower Snake","170601","17060107","Lower Snake-Tucannon","Lower Snake","170601","17060107","Lower Snake-Tucannon","","Bypass Facility Raceway Collection","BPRCOL","1"
"3D9.1BF1BEDB1D","DMM05130.TP1","DMM - Tiffani Marsh Projects","LGR - Lower Granite Dam","5/10/2005","LGRRBR - LGR - Release below the PIT-Tag Diversion System Gate with subsequent Barge Transportation from the Facility","5/11/2005","3","Steelhead","2","Summer","W","Wild Fish or Natural Production","","No Hatchery Specified","Lower Snake","170601","17060107","Lower Snake-Tucannon","Lower Snake","170601","17060107","Lower Snake-Tucannon","","Bypass Facility Raceway Collection","BPRCOL","1"
"3D9.1BF1BF1E74","DMM05125.TP1","DMM - Tiffani Marsh Projects","LGR - Lower Granite Dam","5/5/2005","LGRRBR - LGR - Release below the PIT-Tag Diversion System Gate with subsequent Barge Transportation from the Facility","5/6/2005","3","Steelhead","2","Summer","W","Wild Fish or Natural Production","","No Hatchery Specified","Lower Snake","170601","17060107","Lower Snake-Tucannon","Lower Snake","170601","17060107","Lower Snake-Tucannon","","Bypass Facility Raceway Collection","BPRCOL","1"
"3D9.1BF1BF2537","DMM05125.TP1","DMM - Tiffani Marsh Projects","LGR - Lower Granite Dam","5/5/2005","LGRRBR - LGR - Release below the PIT-Tag Diversion System Gate with subsequent Barge Transportation from the Facility","5/6/2005","3","Steelhead","2","Summer","W","Wild Fish or Natural Production","","No Hatchery Specified","Lower Snake","170601","17060107","Lower Snake-Tucannon","Lower Snake","170601","17060107","Lower Snake-Tucannon","","Bypass Facility Raceway Collection","BPRCOL","1"
"3D9.1BF1BF32F0","DMM05130.TP1","DMM - Tiffani Marsh Projects","LGR - Lower Granite Dam","5/10/2005","LGRRBR - LGR - Release below the PIT-Tag Diversion System Gate with subsequent Barge Transportation from the Facility","5/11/2005","3","Steelhead","2","Summer","W","Wild Fish or Natural Production","","No Hatchery Specified","Lower Snake","170601","17060107","Lower Snake-Tucannon","Lower Snake","170601","17060107","Lower Snake-Tucannon","","Bypass Facility Raceway Collection","BPRCOL","1"
"3D9.1BF1BF44D6","DMM05131.TP1","DMM - Tiffani Marsh Projects","LGR - Lower Granite Dam","5/11/2005","LGRRBR - LGR - Release below the PIT-Tag Diversion System Gate with subsequent Barge Transportation from the Facility","5/12/2005","3","Steelhead","2","Summer","W","Wild Fish or Natural Production","","No Hatchery Specified","Lower Snake","170601","17060107","Lower Snake-Tucannon","Lower Snake","170601","17060107","Lower Snake-Tucannon","","Bypass Facility Raceway Collection","BPRCOL","1"
"3D9.1BF1BF800B","DMM05133.TP1","DMM - Tiffani Marsh Projects","LGR - Lower Granite Dam","5/13/2005","LGRRBR - LGR - Release below the PIT-Tag Diversion System Gate with subsequent Barge Transportation from the Facility","5/14/2005","3","Steelhead","2","Summer","W","Wild Fish or Natural Production","","No Hatchery Specified","Lower Snake","170601","17060107","Lower Snake-Tucannon","Lower Snake","170601","17060107","Lower Snake-Tucannon","","Bypass Facility Raceway Collection","BPRCOL","1"
"3D9.1BF1BF8109","DMM05131.TP1","DMM - Tiffani Marsh Projects","LGR - Lower Granite Dam","5/11/2005","LGRRBR - LGR - Release below the PIT-Tag Diversion System Gate with subsequent Barge Transportation from the Facility","5/12/2005","3","Steelhead","2","Summer","W","Wild Fish or Natural Production","","No Hatchery Specified","Lower Snake","170601","17060107","Lower Snake-Tucannon","Lower Snake","170601","17060107","Lower Snake-Tucannon","","Bypass Facility Raceway Collection","BPRCOL","1"
"3D9.1BF1BF8377","DMM05133.TP1","DMM - Tiffani Marsh Projects","LGR - Lower Granite Dam","5/13/2005","LGRRBR - LGR - Release below the PIT-Tag Diversion System Gate with subsequent Barge Transportation from the Facility","5/14/2005","3","Steelhead","2","Summer","W","Wild Fish or Natural Production","","No Hatchery Specified","Lower Snake","170601","17060107","Lower Snake-Tucannon","Lower Snake","170601","17060107","Lower Snake-Tucannon","","Bypass Facility Raceway Collection","BPRCOL","1"
"3D9.1BF1BF8635","DMM05133.TP1","DMM - Tiffani Marsh Projects","LGR - Lower Granite Dam","5/13/2005","LGRRBR - LGR - Release below the PIT-Tag Diversion System Gate with subsequent Barge Transportation from the Facility","5/14/2005","3","Steelhead","2","Summer","W","Wild Fish or Natural Production","","No Hatchery Specified","Lower Snake","170601","17060107","Lower Snake-Tucannon","Lower Snake","170601","17060107","Lower Snake-Tucannon","","Bypass Facility Raceway Collection","BPRCOL","1"
"3D9.1BF1BF8F43","DMM05131.TP1","DMM - Tiffani Marsh Projects","LGR - Lower Granite Dam","5/11/2005","LGRRBR - LGR - Release below the PIT-Tag Diversion System Gate with subsequent Barge Transportation from the Facility","5/12/2005","3","Steelhead","2","Summer","W","Wild Fish or Natural Production","","No Hatchery Specified","Lower Snake","170601","17060107","Lower Snake-Tucannon","Lower Snake","170601","17060107","Lower Snake-Tucannon","","Bypass Facility Raceway Collection","BPRCOL","1"
"3D9.1BF1BF9128","DMM05136.TP1","DMM - Tiffani Marsh Projects","LGR - Lower Granite Dam","5/16/2005","LGRRBR - LGR - Release below the PIT-Tag Diversion System Gate with subsequent Barge Transportation from the Facility","5/17/2005","3","Steelhead","2","Summer","W","Wild Fish or Natural Production","","No Hatchery Specified","Lower Snake","170601","17060107","Lower Snake-Tucannon","Lower Snake","170601","17060107","Lower Snake-Tucannon","","Bypass Facility Raceway Collection","BPRCOL","1"
"3D9.1BF1F8CA7E","MLS05069.TC1","MLS - Mark Schuck Projects","TUCH - Tucannon River Hatchery","3/10/2005","TUCR - Tucannon River","3/30/2005","3","Steelhead","2","Summer","H","Hatchery Reared","TUCH","Tucannon Hatchery","Lower Snake","170601","17060107","Lower Snake-Tucannon","Lower Snake","170601","17060107","Lower Snake-Tucannon","TUCANNON","Dip Net","DIPNET","1"
"3D9.1BF1FF7A21","WDM05102.SC1","WDM - Bill Muir Projects","LGR - Lower Granite Dam","4/12/2005","LGRRRR - LGR - Release below the PIT-Tag Diversion System Gate with subsequent Return to the River at the Facility","4/13/2005","3","Steelhead","2","Summer","H","Hatchery Reared","","No Hatchery Specified","Lower Snake","170601","17060107","Lower Snake-Tucannon","Lower Snake","170601","17060107","Lower Snake-Tucannon","","Bypass Sub-Sample","BPSUB","1"
"3D9.1BF1FF8CD3","WDM05115.SC1","WDM - Bill Muir Projects","LGR - Lower Granite Dam","4/25/2005","LGRRRR - LGR - Release below the PIT-Tag Diversion System Gate with subsequent Return to the River at the Facility","4/26/2005","3","Steelhead","2","Summer","H","Hatchery Reared","","No Hatchery Specified","Lower Snake","170601","17060107","Lower Snake-Tucannon","Lower Snake","170601","17060107","Lower Snake-Tucannon","","Bypass Sub-Sample","BPSUB","1"
"3D9.1BF1FF8FFE","WDM05102.SC1","WDM - Bill Muir Projects","LGR - Lower Granite Dam","4/12/2005","LGRRRR - LGR - Release below the PIT-Tag Diversion System Gate with subsequent Return to the River at the Facility","4/13/2005","3","Steelhead","2","Summer","H","Hatchery Reared","","No Hatchery Specified","Lower Snake","170601","17060107","Lower Snake-Tucannon","Lower Snake","170601","17060107","Lower Snake-Tucannon","","Bypass Sub-Sample","BPSUB","1"
"3D9.1BF1FF9AB0","WDM05101.SC1","WDM - Bill Muir Projects","LGR - Lower Granite Dam","4/11/2005","LGRRRR - LGR - Release below the PIT-Tag Diversion System Gate with subsequent Return to the River at the Facility","4/12/2005","3","Steelhead","2","Summer","H","Hatchery Reared","","No Hatchery Specified","Lower Snake","170601","17060107","Lower Snake-Tucannon","Lower Snake","170601","17060107","Lower Snake-Tucannon","","Bypass Sub-Sample","BPSUB","1"
"3D9.1BF1FFB0E0","DMM05101.TP1","DMM - Tiffani Marsh Projects","LGR - Lower Granite Dam","4/11/2005","LGRRBR - LGR - Release below the PIT-Tag Diversion System Gate with subsequent Barge Transportation from the Facility","4/12/2005","3","Steelhead","2","Summer","W","Wild Fish or Natural Production","","No Hatchery Specified","Lower Snake","170601","17060107","Lower Snake-Tucannon","Lower Snake","170601","17060107","Lower Snake-Tucannon","","Bypass Sub-Sample","BPSUB","1"
"3D9.1BF1FFBADC","WDM05109.SC1","WDM - Bill Muir Projects","LGR - Lower Granite Dam","4/19/2005","LGRRRR - LGR - Release below the PIT-Tag Diversion System Gate with subsequent Return to the River at the Facility","4/20/2005","3","Steelhead","2","Summer","H","Hatchery Reared","","No Hatchery Specified","Lower Snake","170601","17060107","Lower Snake-Tucannon","Lower Snake","170601","17060107","Lower Snake-Tucannon","","Bypass Sub-Sample","BPSUB","1"
"3D9.1BF1FFBD90","WDM05102.SC1","WDM - Bill Muir Projects","LGR - Lower Granite Dam","4/12/2005","LGRRRR - LGR - Release below the PIT-Tag Diversion System Gate with subsequent Return to the River at the Facility","4/13/2005","3","Steelhead","2","Summer","H","Hatchery Reared","","No Hatchery Specified","Lower Snake","170601","17060107","Lower Snake-Tucannon","Lower Snake","170601","17060107","Lower Snake-Tucannon","","Bypass Sub-Sample","BPSUB","1"
"3D9.1BF1FFCBA0","WDM05102.SC1","WDM - Bill Muir Projects","LGR - Lower Granite Dam","4/12/2005","LGRRRR - LGR - Release below the PIT-Tag Diversion System Gate with subsequent Return to the River at the Facility","4/13/2005","3","Steelhead","2","Summer","H","Hatchery Reared","","No Hatchery Specified","Lower Snake","170601","17060107","Lower Snake-Tucannon","Lower Snake","170601","17060107","Lower Snake-Tucannon","","Bypass Sub-Sample","BPSUB","1"
"3D9.1BF1FFCDE2","WDM05116.SC1","WDM - Bill Muir Projects","LGR - Lower Granite Dam","4/26/2005","LGRRRR - LGR - Release below the PIT-Tag Diversion System Gate with subsequent Return to the River at the Facility","4/27/2005","3","Steelhead","2","Summer","H","Hatchery Reared","","No Hatchery Specified","Lower Snake","170601","17060107","Lower Snake-Tucannon","Lower Snake","170601","17060107","Lower Snake-Tucannon","","Bypass Sub-Sample","BPSUB","1"
"3D9.1BF1FFEE69","WDM05115.SC1","WDM - Bill Muir Projects","LGR - Lower Granite Dam","4/25/2005","LGRRRR - LGR - Release below the PIT-Tag Diversion System Gate with subsequent Return to the River at the Facility","4/26/2005","3","Steelhead","2","Summer","H","Hatchery Reared","","No Hatchery Specified","Lower Snake","170601","17060107","Lower Snake-Tucannon","Lower Snake","170601","17060107","Lower Snake-Tucannon","","Bypass Sub-Sample","BPSUB","1"
"3D9.1BF203410E","MLS05070.TU2","MLS - Mark Schuck Projects","TUCH - Tucannon River Hatchery","3/11/2005","TUCR - Tucannon River","3/30/2005","3","Steelhead","2","Summer","H","Hatchery Reared","TUCH","Tucannon Hatchery","Lower Snake","170601","17060107","Lower Snake-Tucannon","Lower Snake","170601","17060107","Lower Snake-Tucannon","TUCANNON","Dip Net","DIPNET","1"
"3D9.1BF20348E0","MLS05090.SMT","MLS - Mark Schuck Projects","TUCR - Tucannon River","3/31/2005","TUCR - Tucannon River","4/13/2005","3","Steelhead","2","Summer","W","Wild Fish or Natural Production","","No Hatchery Specified","Lower Snake","170601","17060107","Lower Snake-Tucannon","Lower Snake","170601","17060107","Lower Snake-Tucannon","","Screw Trap","SCREWT","1"
"3D9.1BF2034B21","MLS05108.SMT","MLS - Mark Schuck Projects","TUCR - Tucannon River","4/18/2005","TUCR - Tucannon River","4/28/2005","3","Steelhead","2","Summer","W","Wild Fish or Natural Production","","No Hatchery Specified","Lower Snake","170601","17060107","Lower Snake-Tucannon","Lower Snake","170601","17060107","Lower Snake-Tucannon","","Screw Trap","SCREWT","1"
"3D9.1BF2034EEA","MLS05122.SMT","MLS - Mark Schuck Projects","TUCR - Tucannon River","5/2/2005","TUCR - Tucannon River","5/3/2005","3","Steelhead","2","Summer","W","Wild Fish or Natural Production","","No Hatchery Specified","Lower Snake","170601","17060107","Lower Snake-Tucannon","Lower Snake","170601","17060107","Lower Snake-Tucannon","","Screw Trap","SCREWT","1"
"3D9.1BF2035210","MLS05129.SMT","MLS - Mark Schuck Projects","TUCR - Tucannon River","5/9/2005","TUCR - Tucannon River","5/9/2005","3","Steelhead","2","Summer","W","Wild Fish or Natural Production","","No Hatchery Specified","Lower Snake","170601","17060107","Lower Snake-Tucannon","Lower Snake","170601","17060107","Lower Snake-Tucannon","","Screw Trap","SCREWT","1"
"3D9.1BF20357AC","MLS05108.SMT","MLS - Mark Schuck Projects","TUCR - Tucannon River","4/18/2005","TUCR - Tucannon River","4/27/2005","3","Steelhead","2","Summer","W","Wild Fish or Natural Production","","No Hatchery Specified","Lower Snake","170601","17060107","Lower Snake-Tucannon","Lower Snake","170601","17060107","Lower Snake-Tucannon","","Screw Trap","SCREWT","1"
"3D9.1BF203B114","MLS05069.TC1","MLS - Mark Schuck Projects","TUCH - Tucannon River Hatchery","3/10/2005","TUCR - Tucannon River","3/30/2005","3","Steelhead","2","Summer","H","Hatchery Reared","TUCH","Tucannon Hatchery","Lower Snake","170601","17060107","Lower Snake-Tucannon","Lower Snake","170601","17060107","Lower Snake-Tucannon","TUCANNON","Dip Net","DIPNET","1"
"3D9.1BF203B135","MLS05069.TC1","MLS - Mark Schuck Projects","TUCH - Tucannon River Hatchery","3/10/2005","TUCR - Tucannon River","3/30/2005","3","Steelhead","2","Summer","H","Hatchery Reared","TUCH","Tucannon Hatchery","Lower Snake","170601","17060107","Lower Snake-Tucannon","Lower Snake","170601","17060107","Lower Snake-Tucannon","TUCANNON","Dip Net","DIPNET","1"
"3D9.1BF203B18F","MLS05070.TU2","MLS - Mark Schuck Projects","TUCH - Tucannon River Hatchery","3/11/2005","TUCR - Tucannon River","3/30/2005","3","Steelhead","2","Summer","H","Hatchery Reared","TUCH","Tucannon Hatchery","Lower Snake","170601","17060107","Lower Snake-Tucannon","Lower Snake","170601","17060107","Lower Snake-Tucannon","TUCANNON","Dip Net","DIPNET","1"
"3D9.1BF203C6AC","MLS05070.TU2","MLS - Mark Schuck Projects","TUCH - Tucannon River Hatchery","3/11/2005","TUCR - Tucannon River","3/30/2005","3","Steelhead","2","Summer","H","Hatchery Reared","TUCH","Tucannon Hatchery","Lower Snake","170601","17060107","Lower Snake-Tucannon","Lower Snake","170601","17060107","Lower Snake-Tucannon","TUCANNON","Dip Net","DIPNET","1"
"3D9.1BF203C81A","MLS05069.TC1","MLS - Mark Schuck Projects","TUCH - Tucannon River Hatchery","3/10/2005","TUCR - Tucannon River","3/30/2005","3","Steelhead","2","Summer","H","Hatchery Reared","TUCH","Tucannon Hatchery","Lower Snake","170601","17060107","Lower Snake-Tucannon","Lower Snake","170601","17060107","Lower Snake-Tucannon","TUCANNON","Dip Net","DIPNET","1"
"3D9.1BF203CE8D","MLS05069.TC1","MLS - Mark Schuck Projects","TUCH - Tucannon River Hatchery","3/10/2005","TUCR - Tucannon River","3/30/2005","3","Steelhead","2","Summer","H","Hatchery Reared","TUCH","Tucannon Hatchery","Lower Snake","170601","17060107","Lower Snake-Tucannon","Lower Snake","170601","17060107","Lower Snake-Tucannon","TUCANNON","Dip Net","DIPNET","1"
"3D9.1BF203D5F8","MLS05070.TU2","MLS - Mark Schuck Projects","TUCH - Tucannon River Hatchery","3/11/2005","TUCR - Tucannon River","3/30/2005","3","Steelhead","2","Summer","H","Hatchery Reared","TUCH","Tucannon Hatchery","Lower Snake","170601","17060107","Lower Snake-Tucannon","Lower Snake","170601","17060107","Lower Snake-Tucannon","TUCANNON","Dip Net","DIPNET","1"
"3D9.1BF203DBD8","MLS05069.TC1","MLS - Mark Schuck Projects","TUCH - Tucannon River Hatchery","3/10/2005","TUCR - Tucannon River","3/30/2005","3","Steelhead","2","Summer","H","Hatchery Reared","TUCH","Tucannon Hatchery","Lower Snake","170601","17060107","Lower Snake-Tucannon","Lower Snake","170601","17060107","Lower Snake-Tucannon","TUCANNON","Dip Net","DIPNET","1"
"3D9.1BF203E0A8","MLS05070.TU2","MLS - Mark Schuck Projects","TUCH - Tucannon River Hatchery","3/11/2005","TUCR - Tucannon River","3/30/2005","3","Steelhead","2","Summer","H","Hatchery Reared","TUCH","Tucannon Hatchery","Lower Snake","170601","17060107","Lower Snake-Tucannon","Lower Snake","170601","17060107","Lower Snake-Tucannon","TUCANNON","Dip Net","DIPNET","1"
"3D9.1BF203E5D7","MLS05070.TU2","MLS - Mark Schuck Projects","TUCH - Tucannon River Hatchery","3/11/2005","TUCR - Tucannon River","3/30/2005","3","Steelhead","2","Summer","H","Hatchery Reared","TUCH","Tucannon Hatchery","Lower Snake","170601","17060107","Lower Snake-Tucannon","Lower Snake","170601","17060107","Lower Snake-Tucannon","TUCANNON","Dip Net","DIPNET","1"
"3D9.1BF203E995","MLS05069.TC1","MLS - Mark Schuck Projects","TUCH - Tucannon River Hatchery","3/10/2005","TUCR - Tucannon River","3/30/2005","3","Steelhead","2","Summer","H","Hatchery Reared","TUCH","Tucannon Hatchery","Lower Snake","170601","17060107","Lower Snake-Tucannon","Lower Snake","170601","17060107","Lower Snake-Tucannon","TUCANNON","Dip Net","DIPNET","1"
"3D9.1BF203EB38","MLS05070.TU2","MLS - Mark Schuck Projects","TUCH - Tucannon River Hatchery","3/11/2005","TUCR - Tucannon River","3/30/2005","3","Steelhead","2","Summer","H","Hatchery Reared","TUCH","Tucannon Hatchery","Lower Snake","170601","17060107","Lower Snake-Tucannon","Lower Snake","170601","17060107","Lower Snake-Tucannon","TUCANNON","Dip Net","DIPNET","1"
"3D9.1BF203FD5E","MLS05069.TC1","MLS - Mark Schuck Projects","TUCH - Tucannon River Hatchery","3/10/2005","TUCR - Tucannon River","3/30/2005","3","Steelhead","2","Summer","H","Hatchery Reared","TUCH","Tucannon Hatchery","Lower Snake","170601","17060107","Lower Snake-Tucannon","Lower Snake","170601","17060107","Lower Snake-Tucannon","TUCANNON","Dip Net","DIPNET","1"
"3D9.1BF203FE09","MLS05070.TU2","MLS - Mark Schuck Projects","TUCH - Tucannon River Hatchery","3/11/2005","TUCR - Tucannon River","3/30/2005","3","Steelhead","2","Summer","H","Hatchery Reared","TUCH","Tucannon Hatchery","Lower Snake","170601","17060107","Lower Snake-Tucannon","Lower Snake","170601","17060107","Lower Snake-Tucannon","TUCANNON","Dip Net","DIPNET","1"
"3D9.1BF2040EE1","MLS05069.TC1","MLS - Mark Schuck Projects","TUCH - Tucannon River Hatchery","3/10/2005","TUCR - Tucannon River","3/30/2005","3","Steelhead","2","Summer","H","Hatchery Reared","TUCH","Tucannon Hatchery","Lower Snake","170601","17060107","Lower Snake-Tucannon","Lower Snake","170601","17060107","Lower Snake-Tucannon","TUCANNON","Dip Net","DIPNET","1"
"3D9.1BF2041A98","MLS05069.TC1","MLS - Mark Schuck Projects","TUCH - Tucannon River Hatchery","3/10/2005","TUCR - Tucannon River","3/30/2005","3","Steelhead","2","Summer","H","Hatchery Reared","TUCH","Tucannon Hatchery","Lower Snake","170601","17060107","Lower Snake-Tucannon","Lower Snake","170601","17060107","Lower Snake-Tucannon","TUCANNON","Dip Net","DIPNET","1"
"3D9.1BF2041D95","MLS05069.TC1","MLS - Mark Schuck Projects","TUCH - Tucannon River Hatchery","3/10/2005","TUCR - Tucannon River","3/30/2005","3","Steelhead","2","Summer","H","Hatchery Reared","TUCH","Tucannon Hatchery","Lower Snake","170601","17060107","Lower Snake-Tucannon","Lower Snake","170601","17060107","Lower Snake-Tucannon","TUCANNON","Dip Net","DIPNET","1"
"3D9.1BF2042301","MLS05070.TU2","MLS - Mark Schuck Projects","TUCH - Tucannon River Hatchery","3/11/2005","TUCR - Tucannon River","3/30/2005","3","Steelhead","2","Summer","H","Hatchery Reared","TUCH","Tucannon Hatchery","Lower Snake","170601","17060107","Lower Snake-Tucannon","Lower Snake","170601","17060107","Lower Snake-Tucannon","TUCANNON","Dip Net","DIPNET","1"
"3D9.1BF2044F16","MLS05070.TU2","MLS - Mark Schuck Projects","TUCH - Tucannon River Hatchery","3/11/2005","TUCR - Tucannon River","3/30/2005","3","Steelhead","2","Summer","H","Hatchery Reared","TUCH","Tucannon Hatchery","Lower Snake","170601","17060107","Lower Snake-Tucannon","Lower Snake","170601","17060107","Lower Snake-Tucannon","TUCANNON","Dip Net","DIPNET","1"
"3D9.1BF204600D","MLS05069.TC1","MLS - Mark Schuck Projects","TUCH - Tucannon River Hatchery","3/10/2005","TUCR - Tucannon River","3/30/2005","3","Steelhead","2","Summer","H","Hatchery Reared","TUCH","Tucannon Hatchery","Lower Snake","170601","17060107","Lower Snake-Tucannon","Lower Snake","170601","17060107","Lower Snake-Tucannon","TUCANNON","Dip Net","DIPNET","1"
"3D9.1BF20464E3","MLS05069.TC1","MLS - Mark Schuck Projects","TUCH - Tucannon River Hatchery","3/10/2005","TUCR - Tucannon River","3/30/2005","3","Steelhead","2","Summer","H","Hatchery Reared","TUCH","Tucannon Hatchery","Lower Snake","170601","17060107","Lower Snake-Tucannon","Lower Snake","170601","17060107","Lower Snake-Tucannon","TUCANNON","Dip Net","DIPNET","1"
"3D9.1BF2047F83","MLS05069.TC1","MLS - Mark Schuck Projects","TUCH - Tucannon River Hatchery","3/10/2005","TUCR - Tucannon River","3/30/2005","3","Steelhead","2","Summer","H","Hatchery Reared","TUCH","Tucannon Hatchery","Lower Snake","170601","17060107","Lower Snake-Tucannon","Lower Snake","170601","17060107","Lower Snake-Tucannon","TUCANNON","Dip Net","DIPNET","1"
"3D9.1BF204844B","MLS05131.SMT","MLS - Mark Schuck Projects","TUCR - Tucannon River","5/11/2005","TUCR - Tucannon River","5/11/2005","3","Steelhead","2","Summer","W","Wild Fish or Natural Production","","No Hatchery Specified","Lower Snake","170601","17060107","Lower Snake-Tucannon","Lower Snake","170601","17060107","Lower Snake-Tucannon","","Screw Trap","SCREWT","1"
"3D9.1BF2048516","MLS05070.TU2","MLS - Mark Schuck Projects","TUCH - Tucannon River Hatchery","3/11/2005","TUCR - Tucannon River","3/30/2005","3","Steelhead","2","Summer","H","Hatchery Reared","TUCH","Tucannon Hatchery","Lower Snake","170601","17060107","Lower Snake-Tucannon","Lower Snake","170601","17060107","Lower Snake-Tucannon","TUCANNON","Dip Net","DIPNET","1"
"3D9.1BF2048A13","MLS05069.TC1","MLS - Mark Schuck Projects","TUCH - Tucannon River Hatchery","3/10/2005","TUCR - Tucannon River","3/30/2005","3","Steelhead","2","Summer","H","Hatchery Reared","TUCH","Tucannon Hatchery","Lower Snake","170601","17060107","Lower Snake-Tucannon","Lower Snake","170601","17060107","Lower Snake-Tucannon","TUCANNON","Dip Net","DIPNET","1"
"3D9.1BF2048A31","MLS05070.TU2","MLS - Mark Schuck Projects","TUCH - Tucannon River Hatchery","3/11/2005","TUCR - Tucannon River","3/30/2005","3","Steelhead","2","Summer","H","Hatchery Reared","TUCH","Tucannon Hatchery","Lower Snake","170601","17060107","Lower Snake-Tucannon","Lower Snake","170601","17060107","Lower Snake-Tucannon","TUCANNON","Dip Net","DIPNET","1"
"3D9.1BF2049597","MLS05069.TC1","MLS - Mark Schuck Projects","TUCH - Tucannon River Hatchery","3/10/2005","TUCR - Tucannon River","3/30/2005","3","Steelhead","2","Summer","H","Hatchery Reared","TUCH","Tucannon Hatchery","Lower Snake","170601","17060107","Lower Snake-Tucannon","Lower Snake","170601","17060107","Lower Snake-Tucannon","TUCANNON","Dip Net","DIPNET","1"
"3D9.1BF2049B29","MLS05070.TU2","MLS - Mark Schuck Projects","TUCH - Tucannon River Hatchery","3/11/2005","TUCR - Tucannon River","3/30/2005","3","Steelhead","2","Summer","H","Hatchery Reared","TUCH","Tucannon Hatchery","Lower Snake","170601","17060107","Lower Snake-Tucannon","Lower Snake","170601","17060107","Lower Snake-Tucannon","TUCANNON","Dip Net","DIPNET","1"
"3D9.1BF2049B5C","MLS05070.TU2","MLS - Mark Schuck Projects","TUCH - Tucannon River Hatchery","3/11/2005","TUCR - Tucannon River","3/30/2005","3","Steelhead","2","Summer","H","Hatchery Reared","TUCH","Tucannon Hatchery","Lower Snake","170601","17060107","Lower Snake-Tucannon","Lower Snake","170601","17060107","Lower Snake-Tucannon","TUCANNON","Dip Net","DIPNET","1"
"3D9.1BF204AAE7","MLS05133.SMT","MLS - Mark Schuck Projects","TUCR - Tucannon River","5/13/2005","TUCR - Tucannon River","5/13/2005","3","Steelhead","2","Summer","W","Wild Fish or Natural Production","","No Hatchery Specified","Lower Snake","170601","17060107","Lower Snake-Tucannon","Lower Snake","170601","17060107","Lower Snake-Tucannon","","Screw Trap","SCREWT","1"
"3D9.1BF204AECA","MLS05070.TU2","MLS - Mark Schuck Projects","TUCH - Tucannon River Hatchery","3/11/2005","TUCR - Tucannon River","3/30/2005","3","Steelhead","2","Summer","H","Hatchery Reared","TUCH","Tucannon Hatchery","Lower Snake","170601","17060107","Lower Snake-Tucannon","Lower Snake","170601","17060107","Lower Snake-Tucannon","TUCANNON","Dip Net","DIPNET","1"
"3D9.1BF204B026","MLS05090.SMT","MLS - Mark Schuck Projects","TUCR - Tucannon River","3/31/2005","TUCR - Tucannon River","4/5/2005","3","Steelhead","2","Summer","W","Wild Fish or Natural Production","","No Hatchery Specified","Lower Snake","170601","17060107","Lower Snake-Tucannon","Lower Snake","170601","17060107","Lower Snake-Tucannon","","Screw Trap","SCREWT","1"
"3D9.1BF204B08E","MLS05070.TU2","MLS - Mark Schuck Projects","TUCH - Tucannon River Hatchery","3/11/2005","TUCR - Tucannon River","3/30/2005","3","Steelhead","2","Summer","H","Hatchery Reared","TUCH","Tucannon Hatchery","Lower Snake","170601","17060107","Lower Snake-Tucannon","Lower Snake","170601","17060107","Lower Snake-Tucannon","TUCANNON","Dip Net","DIPNET","1"
"3D9.1BF204B40A","MLS05069.TC1","MLS - Mark Schuck Projects","TUCH - Tucannon River Hatchery","3/10/2005","TUCR - Tucannon River","3/30/2005","3","Steelhead","2","Summer","H","Hatchery Reared","TUCH","Tucannon Hatchery","Lower Snake","170601","17060107","Lower Snake-Tucannon","Lower Snake","170601","17060107","Lower Snake-Tucannon","TUCANNON","Dip Net","DIPNET","1"
"3D9.1BF204B54D","MLS05069.TC1","MLS - Mark Schuck Projects","TUCH - Tucannon River Hatchery","3/10/2005","TUCR - Tucannon River","3/30/2005","3","Steelhead","2","Summer","H","Hatchery Reared","TUCH","Tucannon Hatchery","Lower Snake","170601","17060107","Lower Snake-Tucannon","Lower Snake","170601","17060107","Lower Snake-Tucannon","TUCANNON","Dip Net","DIPNET","1"
"3D9.1BF204B972","MLS05069.TC1","MLS - Mark Schuck Projects","TUCH - Tucannon River Hatchery","3/10/2005","TUCR - Tucannon River","3/30/2005","3","Steelhead","2","Summer","H","Hatchery Reared","TUCH","Tucannon Hatchery","Lower Snake","170601","17060107","Lower Snake-Tucannon","Lower Snake","170601","17060107","Lower Snake-Tucannon","TUCANNON","Dip Net","DIPNET","1"
"3D9.1BF204B9E6","MLS05070.TU2","MLS - Mark Schuck Projects","TUCH - Tucannon River Hatchery","3/11/2005","TUCR - Tucannon River","3/30/2005","3","Steelhead","2","Summer","H","Hatchery Reared","TUCH","Tucannon Hatchery","Lower Snake","170601","17060107","Lower Snake-Tucannon","Lower Snake","170601","17060107","Lower Snake-Tucannon","TUCANNON","Dip Net","DIPNET","1"
"3D9.1BF204C012","MLS05070.TU2","MLS - Mark Schuck Projects","TUCH - Tucannon River Hatchery","3/11/2005","TUCR - Tucannon River","3/30/2005","3","Steelhead","2","Summer","H","Hatchery Reared","TUCH","Tucannon Hatchery","Lower Snake","170601","17060107","Lower Snake-Tucannon","Lower Snake","170601","17060107","Lower Snake-Tucannon","TUCANNON","Dip Net","DIPNET","1"
"3D9.1BF204C14A","MLS05069.TC1","MLS - Mark Schuck Projects","TUCH - Tucannon River Hatchery","3/10/2005","TUCR - Tucannon River","3/30/2005","3","Steelhead","2","Summer","H","Hatchery Reared","TUCH","Tucannon Hatchery","Lower Snake","170601","17060107","Lower Snake-Tucannon","Lower Snake","170601","17060107","Lower Snake-Tucannon","TUCANNON","Dip Net","DIPNET","1"
"3D9.1BF204C1C0","MLS05131.SMT","MLS - Mark Schuck Projects","TUCR - Tucannon River","5/11/2005","TUCR - Tucannon River","5/11/2005","3","Steelhead","2","Summer","W","Wild Fish or Natural Production","","No Hatchery Specified","Lower Snake","170601","17060107","Lower Snake-Tucannon","Lower Snake","170601","17060107","Lower Snake-Tucannon","","Screw Trap","SCREWT","1"
"3D9.1BF204C582","MLS05070.TU2","MLS - Mark Schuck Projects","TUCH - Tucannon River Hatchery","3/11/2005","TUCR - Tucannon River","3/30/2005","3","Steelhead","2","Summer","H","Hatchery Reared","TUCH","Tucannon Hatchery","Lower Snake","170601","17060107","Lower Snake-Tucannon","Lower Snake","170601","17060107","Lower Snake-Tucannon","TUCANNON","Dip Net","DIPNET","1"
"3D9.1BF204C5F8","MLS05070.TU2","MLS - Mark Schuck Projects","TUCH - Tucannon River Hatchery","3/11/2005","TUCR - Tucannon River","3/30/2005","3","Steelhead","2","Summer","H","Hatchery Reared","TUCH","Tucannon Hatchery","Lower Snake","170601","17060107","Lower Snake-Tucannon","Lower Snake","170601","17060107","Lower Snake-Tucannon","TUCANNON","Dip Net","DIPNET","1"
"3D9.1BF204D67F","MLS05070.TU2","MLS - Mark Schuck Projects","TUCH - Tucannon River Hatchery","3/11/2005","TUCR - Tucannon River","3/30/2005","3","Steelhead","2","Summer","H","Hatchery Reared","TUCH","Tucannon Hatchery","Lower Snake","170601","17060107","Lower Snake-Tucannon","Lower Snake","170601","17060107","Lower Snake-Tucannon","TUCANNON","Dip Net","DIPNET","1"
"3D9.1BF204D796","MLS05070.TU2","MLS - Mark Schuck Projects","TUCH - Tucannon River Hatchery","3/11/2005","TUCR - Tucannon River","3/30/2005","3","Steelhead","2","Summer","H","Hatchery Reared","TUCH","Tucannon Hatchery","Lower Snake","170601","17060107","Lower Snake-Tucannon","Lower Snake","170601","17060107","Lower Snake-Tucannon","TUCANNON","Dip Net","DIPNET","1"
"3D9.1BF204DA30","MLS05070.TU2","MLS - Mark Schuck Projects","TUCH - Tucannon River Hatchery","3/11/2005","TUCR - Tucannon River","3/30/2005","3","Steelhead","2","Summer","H","Hatchery Reared","TUCH","Tucannon Hatchery","Lower Snake","170601","17060107","Lower Snake-Tucannon","Lower Snake","170601","17060107","Lower Snake-Tucannon","TUCANNON","Dip Net","DIPNET","1"
"3D9.1BF204DB88","MLS05069.TC1","MLS - Mark Schuck Projects","TUCH - Tucannon River Hatchery","3/10/2005","TUCR - Tucannon River","3/30/2005","3","Steelhead","2","Summer","H","Hatchery Reared","TUCH","Tucannon Hatchery","Lower Snake","170601","17060107","Lower Snake-Tucannon","Lower Snake","170601","17060107","Lower Snake-Tucannon","TUCANNON","Dip Net","DIPNET","1"
"3D9.1BF204E160","MLS05130.SMT","MLS - Mark Schuck Projects","TUCR - Tucannon River","5/10/2005","TUCR - Tucannon River","5/10/2005","3","Steelhead","2","Summer","W","Wild Fish or Natural Production","","No Hatchery Specified","Lower Snake","170601","17060107","Lower Snake-Tucannon","Lower Snake","170601","17060107","Lower Snake-Tucannon","","Screw Trap","SCREWT","1"
"3D9.1BF204E2B1","MLS05146.SMT","MLS - Mark Schuck Projects","TUCR - Tucannon River","5/26/2005","TUCR - Tucannon River","6/5/2005","3","Steelhead","2","Summer","W","Wild Fish or Natural Production","","No Hatchery Specified","Lower Snake","170601","17060107","Lower Snake-Tucannon","Lower Snake","170601","17060107","Lower Snake-Tucannon","","Screw Trap","SCREWT","1"
"3D9.1BF204E417","MLS05070.TU2","MLS - Mark Schuck Projects","TUCH - Tucannon River Hatchery","3/11/2005","TUCR - Tucannon River","3/30/2005","3","Steelhead","2","Summer","H","Hatchery Reared","TUCH","Tucannon Hatchery","Lower Snake","170601","17060107","Lower Snake-Tucannon","Lower Snake","170601","17060107","Lower Snake-Tucannon","TUCANNON","Dip Net","DIPNET","1"
"3D9.1BF204E694","MLS05141.SMT","MLS - Mark Schuck Projects","TUCR - Tucannon River","5/21/2005","TUCR - Tucannon River","5/25/2005","3","Steelhead","2","Summer","W","Wild Fish or Natural Production","","No Hatchery Specified","Lower Snake","170601","17060107","Lower Snake-Tucannon","Lower Snake","170601","17060107","Lower Snake-Tucannon","","Screw Trap","SCREWT","1"
"3D9.1BF204EACD","MLS05070.TU2","MLS - Mark Schuck Projects","TUCH - Tucannon River Hatchery","3/11/2005","TUCR - Tucannon River","3/30/2005","3","Steelhead","2","Summer","H","Hatchery Reared","TUCH","Tucannon Hatchery","Lower Snake","170601","17060107","Lower Snake-Tucannon","Lower Snake","170601","17060107","Lower Snake-Tucannon","TUCANNON","Dip Net","DIPNET","1"
"3D9.1BF204EAD4","MLS05131.SMT","MLS - Mark Schuck Projects","TUCR - Tucannon River","5/11/2005","TUCR - Tucannon River","5/11/2005","3","Steelhead","2","Summer","W","Wild Fish or Natural Production","","No Hatchery Specified","Lower Snake","170601","17060107","Lower Snake-Tucannon","Lower Snake","170601","17060107","Lower Snake-Tucannon","","Screw Trap","SCREWT","1"
"3D9.1BF205051A","MLS05069.TC1","MLS - Mark Schuck Projects","TUCH - Tucannon River Hatchery","3/10/2005","TUCR - Tucannon River","3/30/2005","3","Steelhead","2","Summer","H","Hatchery Reared","TUCH","Tucannon Hatchery","Lower Snake","170601","17060107","Lower Snake-Tucannon","Lower Snake","170601","17060107","Lower Snake-Tucannon","TUCANNON","Dip Net","DIPNET","1"
"3D9.1BF20505D9","MLS05069.TC1","MLS - Mark Schuck Projects","TUCH - Tucannon River Hatchery","3/10/2005","TUCR - Tucannon River","3/30/2005","3","Steelhead","2","Summer","H","Hatchery Reared","TUCH","Tucannon Hatchery","Lower Snake","170601","17060107","Lower Snake-Tucannon","Lower Snake","170601","17060107","Lower Snake-Tucannon","TUCANNON","Dip Net","DIPNET","1"
"3D9.1BF20506E5","MLS05069.TC1","MLS - Mark Schuck Projects","TUCH - Tucannon River Hatchery","3/10/2005","TUCR - Tucannon River","3/30/2005","3","Steelhead","2","Summer","H","Hatchery Reared","TUCH","Tucannon Hatchery","Lower Snake","170601","17060107","Lower Snake-Tucannon","Lower Snake","170601","17060107","Lower Snake-Tucannon","TUCANNON","Dip Net","DIPNET","1"
"3D9.1BF2050912","MLS05069.TC1","MLS - Mark Schuck Projects","TUCH - Tucannon River Hatchery","3/10/2005","TUCR - Tucannon River","3/30/2005","3","Steelhead","2","Summer","H","Hatchery Reared","TUCH","Tucannon Hatchery","Lower Snake","170601","17060107","Lower Snake-Tucannon","Lower Snake","170601","17060107","Lower Snake-Tucannon","TUCANNON","Dip Net","DIPNET","1"
"3D9.1BF205096C","MLS05069.TC1","MLS - Mark Schuck Projects","TUCH - Tucannon River Hatchery","3/10/2005","TUCR - Tucannon River","3/30/2005","3","Steelhead","2","Summer","H","Hatchery Reared","TUCH","Tucannon Hatchery","Lower Snake","170601","17060107","Lower Snake-Tucannon","Lower Snake","170601","17060107","Lower Snake-Tucannon","TUCANNON","Dip Net","DIPNET","1"
"3D9.1BF2050AE4","MLS05069.TC1","MLS - Mark Schuck Projects","TUCH - Tucannon River Hatchery","3/10/2005","TUCR - Tucannon River","3/30/2005","3","Steelhead","2","Summer","H","Hatchery Reared","TUCH","Tucannon Hatchery","Lower Snake","170601","17060107","Lower Snake-Tucannon","Lower Snake","170601","17060107","Lower Snake-Tucannon","TUCANNON","Dip Net","DIPNET","1"
"3D9.1BF2050DBD","MLS05069.TC1","MLS - Mark Schuck Projects","TUCH - Tucannon River Hatchery","3/10/2005","TUCR - Tucannon River","3/30/2005","3","Steelhead","2","Summer","H","Hatchery Reared","TUCH","Tucannon Hatchery","Lower Snake","170601","17060107","Lower Snake-Tucannon","Lower Snake","170601","17060107","Lower Snake-Tucannon","TUCANNON","Dip Net","DIPNET","1"
"3D9.1BF205375F","MLS05108.SMT","MLS - Mark Schuck Projects","TUCR - Tucannon River","4/18/2005","TUCR - Tucannon River","4/20/2005","3","Steelhead","2","Summer","W","Wild Fish or Natural Production","","No Hatchery Specified","Lower Snake","170601","17060107","Lower Snake-Tucannon","Lower Snake","170601","17060107","Lower Snake-Tucannon","","Screw Trap","SCREWT","1"
"3D9.1BF20537D3","MLS05126.SMT","MLS - Mark Schuck Projects","TUCR - Tucannon River","5/6/2005","TUCR - Tucannon River","5/7/2005","3","Steelhead","2","Summer","W","Wild Fish or Natural Production","","No Hatchery Specified","Lower Snake","170601","17060107","Lower Snake-Tucannon","Lower Snake","170601","17060107","Lower Snake-Tucannon","","Screw Trap","SCREWT","1"
"3D9.1BF2053A3B","MLS05090.SMT","MLS - Mark Schuck Projects","TUCR - Tucannon River","3/31/2005","TUCR - Tucannon River","4/6/2005","3","Steelhead","2","Summer","W","Wild Fish or Natural Production","","No Hatchery Specified","Lower Snake","170601","17060107","Lower Snake-Tucannon","Lower Snake","170601","17060107","Lower Snake-Tucannon","","Screw Trap","SCREWT","1"
"3D9.1BF2053A77","MLS05126.SMT","MLS - Mark Schuck Projects","TUCR - Tucannon River","5/6/2005","TUCR - Tucannon River","5/7/2005","3","Steelhead","2","Summer","W","Wild Fish or Natural Production","","No Hatchery Specified","Lower Snake","170601","17060107","Lower Snake-Tucannon","Lower Snake","170601","17060107","Lower Snake-Tucannon","","Screw Trap","SCREWT","1"
"3D9.1BF2053A7D","MLS05122.SMT","MLS - Mark Schuck Projects","TUCR - Tucannon River","5/2/2005","TUCR - Tucannon River","5/5/2005","3","Steelhead","2","Summer","W","Wild Fish or Natural Production","","No Hatchery Specified","Lower Snake","170601","17060107","Lower Snake-Tucannon","Lower Snake","170601","17060107","Lower Snake-Tucannon","","Screw Trap","SCREWT","1"
"3D9.1BF2053E62","MLS05070.TU2","MLS - Mark Schuck Projects","TUCH - Tucannon River Hatchery","3/11/2005","TUCR - Tucannon River","3/30/2005","3","Steelhead","2","Summer","H","Hatchery Reared","TUCH","Tucannon Hatchery","Lower Snake","170601","17060107","Lower Snake-Tucannon","Lower Snake","170601","17060107","Lower Snake-Tucannon","TUCANNON","Dip Net","DIPNET","1"
"3D9.1BF2053E74","MLS05127.SMT","MLS - Mark Schuck Projects","TUCR - Tucannon River","5/7/2005","TUCR - Tucannon River","5/7/2005","3","Steelhead","2","Summer","W","Wild Fish or Natural Production","","No Hatchery Specified","Lower Snake","170601","17060107","Lower Snake-Tucannon","Lower Snake","170601","17060107","Lower Snake-Tucannon","","Screw Trap","SCREWT","1"
"3D9.1BF2053EBB","MLS05127.SMT","MLS - Mark Schuck Projects","TUCR - Tucannon River","5/7/2005","TUCR - Tucannon River","5/8/2005","3","Steelhead","2","Summer","W","Wild Fish or Natural Production","","No Hatchery Specified","Lower Snake","170601","17060107","Lower Snake-Tucannon","Lower Snake","170601","17060107","Lower Snake-Tucannon","","Screw Trap","SCREWT","1"
"3D9.1BF205422C","MLS05070.TU2","MLS - Mark Schuck Projects","TUCH - Tucannon River Hatchery","3/11/2005","TUCR - Tucannon River","3/30/2005","3","Steelhead","2","Summer","H","Hatchery Reared","TUCH","Tucannon Hatchery","Lower Snake","170601","17060107","Lower Snake-Tucannon","Lower Snake","170601","17060107","Lower Snake-Tucannon","TUCANNON","Dip Net","DIPNET","1"
"3D9.1BF20545A1","MLS05108.SMT","MLS - Mark Schuck Projects","TUCR - Tucannon River","4/18/2005","TUCR - Tucannon River","4/26/2005","3","Steelhead","2","Summer","W","Wild Fish or Natural Production","","No Hatchery Specified","Lower Snake","170601","17060107","Lower Snake-Tucannon","Lower Snake","170601","17060107","Lower Snake-Tucannon","","Screw Trap","SCREWT","1"
"3D9.1BF2054718","MLS05069.TC1","MLS - Mark Schuck Projects","TUCH - Tucannon River Hatchery","3/10/2005","TUCR - Tucannon River","3/30/2005","3","Steelhead","2","Summer","H","Hatchery Reared","TUCH","Tucannon Hatchery","Lower Snake","170601","17060107","Lower Snake-Tucannon","Lower Snake","170601","17060107","Lower Snake-Tucannon","TUCANNON","Dip Net","DIPNET","1"
"3D9.1BF20549AD","MLS05070.TU2","MLS - Mark Schuck Projects","TUCH - Tucannon River Hatchery","3/11/2005","TUCR - Tucannon River","3/30/2005","3","Steelhead","2","Summer","H","Hatchery Reared","TUCH","Tucannon Hatchery","Lower Snake","170601","17060107","Lower Snake-Tucannon","Lower Snake","170601","17060107","Lower Snake-Tucannon","TUCANNON","Dip Net","DIPNET","1"
"3D9.1BF20549B3","MLS05070.TU2","MLS - Mark Schuck Projects","TUCH - Tucannon River Hatchery","3/11/2005","TUCR - Tucannon River","3/30/2005","3","Steelhead","2","Summer","H","Hatchery Reared","TUCH","Tucannon Hatchery","Lower Snake","170601","17060107","Lower Snake-Tucannon","Lower Snake","170601","17060107","Lower Snake-Tucannon","TUCANNON","Dip Net","DIPNET","1"
"3D9.1BF2054A77","MLS05070.TU2","MLS - Mark Schuck Projects","TUCH - Tucannon River Hatchery","3/11/2005","TUCR - Tucannon River","3/30/2005","3","Steelhead","2","Summer","H","Hatchery Reared","TUCH","Tucannon Hatchery","Lower Snake","170601","17060107","Lower Snake-Tucannon","Lower Snake","170601","17060107","Lower Snake-Tucannon","TUCANNON","Dip Net","DIPNET","1"
"3D9.1BF2054A9D","MLS05070.TU2","MLS - Mark Schuck Projects","TUCH - Tucannon River Hatchery","3/11/2005","TUCR - Tucannon River","3/30/2005","3","Steelhead","2","Summer","H","Hatchery Reared","TUCH","Tucannon Hatchery","Lower Snake","170601","17060107","Lower Snake-Tucannon","Lower Snake","170601","17060107","Lower Snake-Tucannon","TUCANNON","Dip Net","DIPNET","1"
"3D9.1BF2054BEC","MLS05070.TU2","MLS - Mark Schuck Projects","TUCH - Tucannon River Hatchery","3/11/2005","TUCR - Tucannon River","3/30/2005","3","Steelhead","2","Summer","H","Hatchery Reared","TUCH","Tucannon Hatchery","Lower Snake","170601","17060107","Lower Snake-Tucannon","Lower Snake","170601","17060107","Lower Snake-Tucannon","TUCANNON","Dip Net","DIPNET","1"
"3D9.1BF2054CB1","MLS05069.TC1","MLS - Mark Schuck Projects","TUCH - Tucannon River Hatchery","3/10/2005","TUCR - Tucannon River","3/30/2005","3","Steelhead","2","Summer","H","Hatchery Reared","TUCH","Tucannon Hatchery","Lower Snake","170601","17060107","Lower Snake-Tucannon","Lower Snake","170601","17060107","Lower Snake-Tucannon","TUCANNON","Dip Net","DIPNET","1"
"3D9.1BF2054D54","MLS05070.TU2","MLS - Mark Schuck Projects","TUCH - Tucannon River Hatchery","3/11/2005","TUCR - Tucannon River","3/30/2005","3","Steelhead","2","Summer","H","Hatchery Reared","TUCH","Tucannon Hatchery","Lower Snake","170601","17060107","Lower Snake-Tucannon","Lower Snake","170601","17060107","Lower Snake-Tucannon","TUCANNON","Dip Net","DIPNET","1"
"3D9.1BF2054D68","MLS05122.SMT","MLS - Mark Schuck Projects","TUCR - Tucannon River","5/2/2005","TUCR - Tucannon River","5/3/2005","3","Steelhead","2","Summer","W","Wild Fish or Natural Production","","No Hatchery Specified","Lower Snake","170601","17060107","Lower Snake-Tucannon","Lower Snake","170601","17060107","Lower Snake-Tucannon","","Screw Trap","SCREWT","1"
"3D9.1BF2054E44","MLS05070.TU2","MLS - Mark Schuck Projects","TUCH - Tucannon River Hatchery","3/11/2005","TUCR - Tucannon River","3/30/2005","3","Steelhead","2","Summer","H","Hatchery Reared","TUCH","Tucannon Hatchery","Lower Snake","170601","17060107","Lower Snake-Tucannon","Lower Snake","170601","17060107","Lower Snake-Tucannon","TUCANNON","Dip Net","DIPNET","1"
"3D9.1BF2055146","MLS05118.SMT","MLS - Mark Schuck Projects","TUCR - Tucannon River","4/28/2005","TUCR - Tucannon River","5/1/2005","3","Steelhead","2","Summer","H","Hatchery Reared","","No Hatchery Specified","Lower Snake","170601","17060107","Lower Snake-Tucannon","Lower Snake","170601","17060107","Lower Snake-Tucannon","","Screw Trap","SCREWT","1"
"3D9.1BF2055318","MLS05108.SMT","MLS - Mark Schuck Projects","TUCR - Tucannon River","4/18/2005","TUCR - Tucannon River","4/18/2005","3","Steelhead","2","Summer","W","Wild Fish or Natural Production","","No Hatchery Specified","Lower Snake","170601","17060107","Lower Snake-Tucannon","Lower Snake","170601","17060107","Lower Snake-Tucannon","","Screw Trap","SCREWT","1"
"3D9.1BF2055545","MLS05070.TU2","MLS - Mark Schuck Projects","TUCH - Tucannon River Hatchery","3/11/2005","TUCR - Tucannon River","3/30/2005","3","Steelhead","2","Summer","H","Hatchery Reared","TUCH","Tucannon Hatchery","Lower Snake","170601","17060107","Lower Snake-Tucannon","Lower Snake","170601","17060107","Lower Snake-Tucannon","TUCANNON","Dip Net","DIPNET","1"
"3D9.1BF20555AC","MLS05070.TU2","MLS - Mark Schuck Projects","TUCH - Tucannon River Hatchery","3/11/2005","TUCR - Tucannon River","3/30/2005","3","Steelhead","2","Summer","H","Hatchery Reared","TUCH","Tucannon Hatchery","Lower Snake","170601","17060107","Lower Snake-Tucannon","Lower Snake","170601","17060107","Lower Snake-Tucannon","TUCANNON","Dip Net","DIPNET","1"
"3D9.1BF20556E7","MLS05069.TC1","MLS - Mark Schuck Projects","TUCH - Tucannon River Hatchery","3/10/2005","TUCR - Tucannon River","3/30/2005","3","Steelhead","2","Summer","H","Hatchery Reared","TUCH","Tucannon Hatchery","Lower Snake","170601","17060107","Lower Snake-Tucannon","Lower Snake","170601","17060107","Lower Snake-Tucannon","TUCANNON","Dip Net","DIPNET","1"
"3D9.1BF2055D25","MLS05070.TU2","MLS - Mark Schuck Projects","TUCH - Tucannon River Hatchery","3/11/2005","TUCR - Tucannon River","3/30/2005","3","Steelhead","2","Summer","H","Hatchery Reared","TUCH","Tucannon Hatchery","Lower Snake","170601","17060107","Lower Snake-Tucannon","Lower Snake","170601","17060107","Lower Snake-Tucannon","TUCANNON","Dip Net","DIPNET","1"
"3D9.1BF2055F27","MLS05070.TU2","MLS - Mark Schuck Projects","TUCH - Tucannon River Hatchery","3/11/2005","TUCR - Tucannon River","3/30/2005","3","Steelhead","2","Summer","H","Hatchery Reared","TUCH","Tucannon Hatchery","Lower Snake","170601","17060107","Lower Snake-Tucannon","Lower Snake","170601","17060107","Lower Snake-Tucannon","TUCANNON","Dip Net","DIPNET","1"
"3D9.1BF2055FE9","MLS05133.SMT","MLS - Mark Schuck Projects","TUCR - Tucannon River","5/13/2005","TUCR - Tucannon River","5/15/2005","3","Steelhead","2","Summer","W","Wild Fish or Natural Production","","No Hatchery Specified","Lower Snake","170601","17060107","Lower Snake-Tucannon","Lower Snake","170601","17060107","Lower Snake-Tucannon","","Screw Trap","SCREWT","1"
"3D9.1BF205601E","MLS05069.TC1","MLS - Mark Schuck Projects","TUCH - Tucannon River Hatchery","3/10/2005","TUCR - Tucannon River","3/30/2005","3","Steelhead","2","Summer","H","Hatchery Reared","TUCH","Tucannon Hatchery","Lower Snake","170601","17060107","Lower Snake-Tucannon","Lower Snake","170601","17060107","Lower Snake-Tucannon","TUCANNON","Dip Net","DIPNET","1"
"3D9.1BF2056027","MLS05070.TU2","MLS - Mark Schuck Projects","TUCH - Tucannon River Hatchery","3/11/2005","TUCR - Tucannon River","3/30/2005","3","Steelhead","2","Summer","H","Hatchery Reared","TUCH","Tucannon Hatchery","Lower Snake","170601","17060107","Lower Snake-Tucannon","Lower Snake","170601","17060107","Lower Snake-Tucannon","TUCANNON","Dip Net","DIPNET","1"
"3D9.1BF205606C","MLS05090.SMT","MLS - Mark Schuck Projects","TUCR - Tucannon River","3/31/2005","TUCR - Tucannon River","4/13/2005","3","Steelhead","2","Summer","W","Wild Fish or Natural Production","","No Hatchery Specified","Lower Snake","170601","17060107","Lower Snake-Tucannon","Lower Snake","170601","17060107","Lower Snake-Tucannon","","Screw Trap","SCREWT","1"
"3D9.1BF2056392","MLS05122.SMT","MLS - Mark Schuck Projects","TUCR - Tucannon River","5/2/2005","TUCR - Tucannon River","5/2/2005","3","Steelhead","2","Summer","W","Wild Fish or Natural Production","","No Hatchery Specified","Lower Snake","170601","17060107","Lower Snake-Tucannon","Lower Snake","170601","17060107","Lower Snake-Tucannon","","Screw Trap","SCREWT","1"
"3D9.1BF2056C13","MLS05069.TC1","MLS - Mark Schuck Projects","TUCH - Tucannon River Hatchery","3/10/2005","TUCR - Tucannon River","3/30/2005","3","Steelhead","2","Summer","H","Hatchery Reared","TUCH","Tucannon Hatchery","Lower Snake","170601","17060107","Lower Snake-Tucannon","Lower Snake","170601","17060107","Lower Snake-Tucannon","TUCANNON","Dip Net","DIPNET","1"
"3D9.1BF2057594","MLS05069.TC1","MLS - Mark Schuck Projects","TUCH - Tucannon River Hatchery","3/10/2005","TUCR - Tucannon River","3/30/2005","3","Steelhead","2","Summer","H","Hatchery Reared","TUCH","Tucannon Hatchery","Lower Snake","170601","17060107","Lower Snake-Tucannon","Lower Snake","170601","17060107","Lower Snake-Tucannon","TUCANNON","Dip Net","DIPNET","1"
"3D9.1BF20575A4","MLS05070.TU2","MLS - Mark Schuck Projects","TUCH - Tucannon River Hatchery","3/11/2005","TUCR - Tucannon River","3/30/2005","3","Steelhead","2","Summer","H","Hatchery Reared","TUCH","Tucannon Hatchery","Lower Snake","170601","17060107","Lower Snake-Tucannon","Lower Snake","170601","17060107","Lower Snake-Tucannon","TUCANNON","Dip Net","DIPNET","1"
"3D9.1BF20576F6","MLS05122.SMT","MLS - Mark Schuck Projects","TUCR - Tucannon River","5/2/2005","TUCR - Tucannon River","5/3/2005","3","Steelhead","2","Summer","W","Wild Fish or Natural Production","","No Hatchery Specified","Lower Snake","170601","17060107","Lower Snake-Tucannon","Lower Snake","170601","17060107","Lower Snake-Tucannon","","Screw Trap","SCREWT","1"
"3D9.1BF22B193D","WDM05125.SC1","WDM - Bill Muir Projects","LGR - Lower Granite Dam","5/5/2005","LGRRRR - LGR - Release below the PIT-Tag Diversion System Gate with subsequent Return to the River at the Facility","5/6/2005","3","Steelhead","2","Summer","H","Hatchery Reared","","No Hatchery Specified","Lower Snake","170601","17060107","Lower Snake-Tucannon","Lower Snake","170601","17060107","Lower Snake-Tucannon","","Bypass Facility Raceway Collection","BPRCOL","1"
"3D9.1BF22B1E3F","WDM05129.SC1","WDM - Bill Muir Projects","LGR - Lower Granite Dam","5/9/2005","LGRRRR - LGR - Release below the PIT-Tag Diversion System Gate with subsequent Return to the River at the Facility","5/10/2005","3","Steelhead","2","Summer","H","Hatchery Reared","","No Hatchery Specified","Lower Snake","170601","17060107","Lower Snake-Tucannon","Lower Snake","170601","17060107","Lower Snake-Tucannon","","Bypass Facility Raceway Collection","BPRCOL","1"
"3D9.1BF22B1FB5","WDM05129.SC1","WDM - Bill Muir Projects","LGR - Lower Granite Dam","5/9/2005","LGRRRR - LGR - Release below the PIT-Tag Diversion System Gate with subsequent Return to the River at the Facility","5/10/2005","3","Steelhead","2","Summer","W","Wild Fish or Natural Production","","No Hatchery Specified","Lower Snake","170601","17060107","Lower Snake-Tucannon","Lower Snake","170601","17060107","Lower Snake-Tucannon","","Bypass Facility Raceway Collection","BPRCOL","1"
"3D9.1BF22B1FD6","WDM05125.SC1","WDM - Bill Muir Projects","LGR - Lower Granite Dam","5/5/2005","LGRRRR - LGR - Release below the PIT-Tag Diversion System Gate with subsequent Return to the River at the Facility","5/6/2005","3","Steelhead","2","Summer","W","Wild Fish or Natural Production","","No Hatchery Specified","Lower Snake","170601","17060107","Lower Snake-Tucannon","Lower Snake","170601","17060107","Lower Snake-Tucannon","","Bypass Facility Raceway Collection","BPRCOL","1"
"3D9.1BF22C883B","DMM05126.TP1","DMM - Tiffani Marsh Projects","LGR - Lower Granite Dam","5/6/2005","LGRRBR - LGR - Release below the PIT-Tag Diversion System Gate with subsequent Barge Transportation from the Facility","5/7/2005","3","Steelhead","2","Summer","W","Wild Fish or Natural Production","","No Hatchery Specified","Lower Snake","170601","17060107","Lower Snake-Tucannon","Lower Snake","170601","17060107","Lower Snake-Tucannon","","Bypass Facility Raceway Collection","BPRCOL","1"
"3D9.1BF22DE00E","WDM05124.SC1","WDM - Bill Muir Projects","LGR - Lower Granite Dam","5/4/2005","LGRRRR - LGR - Release below the PIT-Tag Diversion System Gate with subsequent Return to the River at the Facility","5/5/2005","3","Steelhead","2","Summer","H","Hatchery Reared","","No Hatchery Specified","Lower Snake","170601","17060107","Lower Snake-Tucannon","Lower Snake","170601","17060107","Lower Snake-Tucannon","","Bypass Facility Raceway Collection","BPRCOL","1"
"3D9.1BF22DE2FC","WDM05124.SC1","WDM - Bill Muir Projects","LGR - Lower Granite Dam","5/4/2005","LGRRRR - LGR - Release below the PIT-Tag Diversion System Gate with subsequent Return to the River at the Facility","5/5/2005","3","Steelhead","2","Summer","W","Wild Fish or Natural Production","","No Hatchery Specified","Lower Snake","170601","17060107","Lower Snake-Tucannon","Lower Snake","170601","17060107","Lower Snake-Tucannon","","Bypass Facility Raceway Collection","BPRCOL","1"
"3D9.1BF22DE60F","WDM05125.SC1","WDM - Bill Muir Projects","LGR - Lower Granite Dam","5/5/2005","LGRRRR - LGR - Release below the PIT-Tag Diversion System Gate with subsequent Return to the River at the Facility","5/6/2005","3","Steelhead","2","Summer","H","Hatchery Reared","","No Hatchery Specified","Lower Snake","170601","17060107","Lower Snake-Tucannon","Lower Snake","170601","17060107","Lower Snake-Tucannon","","Bypass Facility Raceway Collection","BPRCOL","1"
"3D9.1BF22E3996","DMM05129.TP1","DMM - Tiffani Marsh Projects","LGR - Lower Granite Dam","5/9/2005","LGRRBR - LGR - Release below the PIT-Tag Diversion System Gate with subsequent Barge Transportation from the Facility","5/10/2005","3","Steelhead","2","Summer","W","Wild Fish or Natural Production","","No Hatchery Specified","Lower Snake","170601","17060107","Lower Snake-Tucannon","Lower Snake","170601","17060107","Lower Snake-Tucannon","","Bypass Facility Raceway Collection","BPRCOL","1"
"3D9.1BF22FF3C6","WDM05103.SC1","WDM - Bill Muir Projects","LGR - Lower Granite Dam","4/13/2005","LGRRRR - LGR - Release below the PIT-Tag Diversion System Gate with subsequent Return to the River at the Facility","4/14/2005","3","Steelhead","2","Summer","H","Hatchery Reared","","No Hatchery Specified","Lower Snake","170601","17060107","Lower Snake-Tucannon","Lower Snake","170601","17060107","Lower Snake-Tucannon","","Bypass Sub-Sample","BPSUB","1"
"3D9.1BF23214FD","WDM05130.SC1","WDM - Bill Muir Projects","LGR - Lower Granite Dam","5/10/2005","LGRRRR - LGR - Release below the PIT-Tag Diversion System Gate with subsequent Return to the River at the Facility","5/11/2005","3","Steelhead","2","Summer","H","Hatchery Reared","","No Hatchery Specified","Lower Snake","170601","17060107","Lower Snake-Tucannon","Lower Snake","170601","17060107","Lower Snake-Tucannon","","Bypass Facility Raceway Collection","BPRCOL","1"
"3D9.1BF23216B3","WDM05137.SC1","WDM - Bill Muir Projects","LGR - Lower Granite Dam","5/17/2005","LGRRRR - LGR - Release below the PIT-Tag Diversion System Gate with subsequent Return to the River at the Facility","5/18/2005","3","Steelhead","2","Summer","W","Wild Fish or Natural Production","","No Hatchery Specified","Lower Snake","170601","17060107","Lower Snake-Tucannon","Lower Snake","170601","17060107","Lower Snake-Tucannon","","Bypass Facility Raceway Collection","BPRCOL","1"
"3D9.1BF2335F28","WDM05118.SC1","WDM - Bill Muir Projects","LGR - Lower Granite Dam","4/28/2005","LGRRRR - LGR - Release below the PIT-Tag Diversion System Gate with subsequent Return to the River at the Facility","4/29/2005","3","Steelhead","2","Summer","H","Hatchery Reared","","No Hatchery Specified","Lower Snake","170601","17060107","Lower Snake-Tucannon","Lower Snake","170601","17060107","Lower Snake-Tucannon","","Bypass Sub-Sample","BPSUB","1"
"3D9.1BF2336005","WDM05116.SC1","WDM - Bill Muir Projects","LGR - Lower Granite Dam","4/26/2005","LGRRRR - LGR - Release below the PIT-Tag Diversion System Gate with subsequent Return to the River at the Facility","4/27/2005","3","Steelhead","2","Summer","H","Hatchery Reared","","No Hatchery Specified","Lower Snake","170601","17060107","Lower Snake-Tucannon","Lower Snake","170601","17060107","Lower Snake-Tucannon","","Bypass Sub-Sample","BPSUB","1"
"3D9.1BF236C6BF","WDM05117.SC1","WDM - Bill Muir Projects","LGR - Lower Granite Dam","4/27/2005","LGRRRR - LGR - Release below the PIT-Tag Diversion System Gate with subsequent Return to the River at the Facility","4/28/2005","3","Steelhead","2","Summer","H","Hatchery Reared","","No Hatchery Specified","Lower Snake","170601","17060107","Lower Snake-Tucannon","Lower Snake","170601","17060107","Lower Snake-Tucannon","","Bypass Sub-Sample","BPSUB","1"
"3D9.1BF236C8DB","WDM05122.SC1","WDM - Bill Muir Projects","LGR - Lower Granite Dam","5/2/2005","LGRRRR - LGR - Release below the PIT-Tag Diversion System Gate with subsequent Return to the River at the Facility","5/3/2005","3","Steelhead","2","Summer","H","Hatchery Reared","","No Hatchery Specified","Lower Snake","170601","17060107","Lower Snake-Tucannon","Lower Snake","170601","17060107","Lower Snake-Tucannon","","Bypass Facility Raceway Collection","BPRCOL","1"
"3D9.1BF236EDCE","WDM05112.SC1","WDM - Bill Muir Projects","LGR - Lower Granite Dam","4/22/2005","LGRRRR - LGR - Release below the PIT-Tag Diversion System Gate with subsequent Return to the River at the Facility","4/23/2005","3","Steelhead","2","Summer","H","Hatchery Reared","","No Hatchery Specified","Lower Snake","170601","17060107","Lower Snake-Tucannon","Lower Snake","170601","17060107","Lower Snake-Tucannon","","Bypass Sub-Sample","BPSUB","1"
"3D9.1BF236F776","WDM05116.SC1","WDM - Bill Muir Projects","LGR - Lower Granite Dam","4/26/2005","LGRRRR - LGR - Release below the PIT-Tag Diversion System Gate with subsequent Return to the River at the Facility","4/27/2005","3","Steelhead","2","Summer","H","Hatchery Reared","","No Hatchery Specified","Lower Snake","170601","17060107","Lower Snake-Tucannon","Lower Snake","170601","17060107","Lower Snake-Tucannon","","Bypass Sub-Sample","BPSUB","1"
"3D9.1BF23702F3","WDM05108.SC1","WDM - Bill Muir Projects","LGR - Lower Granite Dam","4/18/2005","LGRRRR - LGR - Release below the PIT-Tag Diversion System Gate with subsequent Return to the River at the Facility","4/19/2005","3","Steelhead","2","Summer","H","Hatchery Reared","","No Hatchery Specified","Lower Snake","170601","17060107","Lower Snake-Tucannon","Lower Snake","170601","17060107","Lower Snake-Tucannon","","Bypass Sub-Sample","BPSUB","1"
"3D9.1BF237031A","DMM05109.TP1","DMM - Tiffani Marsh Projects","LGR - Lower Granite Dam","4/19/2005","LGRRBR - LGR - Release below the PIT-Tag Diversion System Gate with subsequent Barge Transportation from the Facility","4/20/2005","3","Steelhead","2","Summer","W","Wild Fish or Natural Production","","No Hatchery Specified","Lower Snake","170601","17060107","Lower Snake-Tucannon","Lower Snake","170601","17060107","Lower Snake-Tucannon","","Bypass Sub-Sample","BPSUB","1"
"3D9.1BF2370577","WDM05112.SC1","WDM - Bill Muir Projects","LGR - Lower Granite Dam","4/22/2005","LGRRRR - LGR - Release below the PIT-Tag Diversion System Gate with subsequent Return to the River at the Facility","4/23/2005","3","Steelhead","2","Summer","H","Hatchery Reared","","No Hatchery Specified","Lower Snake","170601","17060107","Lower Snake-Tucannon","Lower Snake","170601","17060107","Lower Snake-Tucannon","","Bypass Sub-Sample","BPSUB","1"
"3D9.1BF23707E1","WDM05110.SC1","WDM - Bill Muir Projects","LGR - Lower Granite Dam","4/20/2005","LGRRRR - LGR - Release below the PIT-Tag Diversion System Gate with subsequent Return to the River at the Facility","4/21/2005","3","Steelhead","2","Summer","H","Hatchery Reared","","No Hatchery Specified","Lower Snake","170601","17060107","Lower Snake-Tucannon","Lower Snake","170601","17060107","Lower Snake-Tucannon","","Bypass Sub-Sample","BPSUB","1"
"3D9.1BF2370842","WDM05115.SC1","WDM - Bill Muir Projects","LGR - Lower Granite Dam","4/25/2005","LGRRRR - LGR - Release below the PIT-Tag Diversion System Gate with subsequent Return to the River at the Facility","4/26/2005","3","Steelhead","2","Summer","H","Hatchery Reared","","No Hatchery Specified","Lower Snake","170601","17060107","Lower Snake-Tucannon","Lower Snake","170601","17060107","Lower Snake-Tucannon","","Bypass Sub-Sample","BPSUB","1"
"3D9.1BF2370A2A","WDM05115.SC1","WDM - Bill Muir Projects","LGR - Lower Granite Dam","4/25/2005","LGRRRR - LGR - Release below the PIT-Tag Diversion System Gate with subsequent Return to the River at the Facility","4/26/2005","3","Steelhead","2","Summer","H","Hatchery Reared","","No Hatchery Specified","Lower Snake","170601","17060107","Lower Snake-Tucannon","Lower Snake","170601","17060107","Lower Snake-Tucannon","","Bypass Sub-Sample","BPSUB","1"
"3D9.1BF2370E25","WDM05110.SC1","WDM - Bill Muir Projects","LGR - Lower Granite Dam","4/20/2005","LGRRRR - LGR - Release below the PIT-Tag Diversion System Gate with subsequent Return to the River at the Facility","4/21/2005","3","Steelhead","2","Summer","H","Hatchery Reared","","No Hatchery Specified","Lower Snake","170601","17060107","Lower Snake-Tucannon","Lower Snake","170601","17060107","Lower Snake-Tucannon","","Bypass Sub-Sample","BPSUB","1"
"3D9.1BF2371838","WDM05108.SC1","WDM - Bill Muir Projects","LGR - Lower Granite Dam","4/18/2005","LGRRRR - LGR - Release below the PIT-Tag Diversion System Gate with subsequent Return to the River at the Facility","4/19/2005","3","Steelhead","2","Summer","W","Wild Fish or Natural Production","","No Hatchery Specified","Lower Snake","170601","17060107","Lower Snake-Tucannon","Lower Snake","170601","17060107","Lower Snake-Tucannon","","Bypass Sub-Sample","BPSUB","1"
"3D9.1BF2371C3D","WDM05112.SC1","WDM - Bill Muir Projects","LGR - Lower Granite Dam","4/22/2005","LGRRRR - LGR - Release below the PIT-Tag Diversion System Gate with subsequent Return to the River at the Facility","4/23/2005","3","Steelhead","2","Summer","H","Hatchery Reared","","No Hatchery Specified","Lower Snake","170601","17060107","Lower Snake-Tucannon","Lower Snake","170601","17060107","Lower Snake-Tucannon","","Bypass Sub-Sample","BPSUB","1"
"3D9.1BF23722F8","WDM05109.SC1","WDM - Bill Muir Projects","LGR - Lower Granite Dam","4/19/2005","LGRRRR - LGR - Release below the PIT-Tag Diversion System Gate with subsequent Return to the River at the Facility","4/20/2005","3","Steelhead","2","Summer","H","Hatchery Reared","","No Hatchery Specified","Lower Snake","170601","17060107","Lower Snake-Tucannon","Lower Snake","170601","17060107","Lower Snake-Tucannon","","Bypass Sub-Sample","BPSUB","1"
"3D9.1BF23724EB","WDM05115.SC1","WDM - Bill Muir Projects","LGR - Lower Granite Dam","4/25/2005","LGRRRR - LGR - Release below the PIT-Tag Diversion System Gate with subsequent Return to the River at the Facility","4/26/2005","3","Steelhead","2","Summer","H","Hatchery Reared","","No Hatchery Specified","Lower Snake","170601","17060107","Lower Snake-Tucannon","Lower Snake","170601","17060107","Lower Snake-Tucannon","","Bypass Sub-Sample","BPSUB","1"
"3D9.1BF2372588","WDM05103.SC1","WDM - Bill Muir Projects","LGR - Lower Granite Dam","4/13/2005","LGRRRR - LGR - Release below the PIT-Tag Diversion System Gate with subsequent Return to the River at the Facility","4/14/2005","3","Steelhead","2","Summer","H","Hatchery Reared","","No Hatchery Specified","Lower Snake","170601","17060107","Lower Snake-Tucannon","Lower Snake","170601","17060107","Lower Snake-Tucannon","","Bypass Sub-Sample","BPSUB","1"
"3D9.1BF2372751","WDM05110.SC1","WDM - Bill Muir Projects","LGR - Lower Granite Dam","4/20/2005","LGRRRR - LGR - Release below the PIT-Tag Diversion System Gate with subsequent Return to the River at the Facility","4/21/2005","3","Steelhead","2","Summer","H","Hatchery Reared","","No Hatchery Specified","Lower Snake","170601","17060107","Lower Snake-Tucannon","Lower Snake","170601","17060107","Lower Snake-Tucannon","","Bypass Sub-Sample","BPSUB","1"
"3D9.1BF2372D90","WDM05112.SC1","WDM - Bill Muir Projects","LGR - Lower Granite Dam","4/22/2005","LGRRRR - LGR - Release below the PIT-Tag Diversion System Gate with subsequent Return to the River at the Facility","4/23/2005","3","Steelhead","2","Summer","H","Hatchery Reared","","No Hatchery Specified","Lower Snake","170601","17060107","Lower Snake-Tucannon","Lower Snake","170601","17060107","Lower Snake-Tucannon","","Bypass Sub-Sample","BPSUB","1"
"3D9.1BF23730DF","WDM05111.SC1","WDM - Bill Muir Projects","LGR - Lower Granite Dam","4/21/2005","LGRRRR - LGR - Release below the PIT-Tag Diversion System Gate with subsequent Return to the River at the Facility","4/22/2005","3","Steelhead","2","Summer","H","Hatchery Reared","","No Hatchery Specified","Lower Snake","170601","17060107","Lower Snake-Tucannon","Lower Snake","170601","17060107","Lower Snake-Tucannon","","Bypass Sub-Sample","BPSUB","1"
"3D9.1BF238C7F3","WDM05119.SC1","WDM - Bill Muir Projects","LGR - Lower Granite Dam","4/29/2005","LGRRRR - LGR - Release below the PIT-Tag Diversion System Gate with subsequent Return to the River at the Facility","4/30/2005","3","Steelhead","2","Summer","H","Hatchery Reared","","No Hatchery Specified","Lower Snake","170601","17060107","Lower Snake-Tucannon","Lower Snake","170601","17060107","Lower Snake-Tucannon","","Bypass Sub-Sample","BPSUB","1"
"3D9.1BF2399E91","WDM05133.SC1","WDM - Bill Muir Projects","LGR - Lower Granite Dam","5/13/2005","LGRRRR - LGR - Release below the PIT-Tag Diversion System Gate with subsequent Return to the River at the Facility","5/14/2005","3","Steelhead","2","Summer","H","Hatchery Reared","","No Hatchery Specified","Lower Snake","170601","17060107","Lower Snake-Tucannon","Lower Snake","170601","17060107","Lower Snake-Tucannon","","Bypass Facility Raceway Collection","BPRCOL","1"
"3D9.1BF239A001","WDM05133.SC1","WDM - Bill Muir Projects","LGR - Lower Granite Dam","5/13/2005","LGRRRR - LGR - Release below the PIT-Tag Diversion System Gate with subsequent Return to the River at the Facility","5/14/2005","3","Steelhead","2","Summer","H","Hatchery Reared","","No Hatchery Specified","Lower Snake","170601","17060107","Lower Snake-Tucannon","Lower Snake","170601","17060107","Lower Snake-Tucannon","","Bypass Facility Raceway Collection","BPRCOL","1"
"3D9.1BF239C0C7","WDM05109.SC1","WDM - Bill Muir Projects","LGR - Lower Granite Dam","4/19/2005","LGRRRR - LGR - Release below the PIT-Tag Diversion System Gate with subsequent Return to the River at the Facility","4/20/2005","3","Steelhead","2","Summer","H","Hatchery Reared","","No Hatchery Specified","Lower Snake","170601","17060107","Lower Snake-Tucannon","Lower Snake","170601","17060107","Lower Snake-Tucannon","","Bypass Sub-Sample","BPSUB","1"
"3D9.1BF239C11B","WDM05117.SC1","WDM - Bill Muir Projects","LGR - Lower Granite Dam","4/27/2005","LGRRRR - LGR - Release below the PIT-Tag Diversion System Gate with subsequent Return to the River at the Facility","4/28/2005","3","Steelhead","2","Summer","H","Hatchery Reared","","No Hatchery Specified","Lower Snake","170601","17060107","Lower Snake-Tucannon","Lower Snake","170601","17060107","Lower Snake-Tucannon","","Bypass Sub-Sample","BPSUB","1"
"3D9.1BF239C2D3","WDM05111.SC1","WDM - Bill Muir Projects","LGR - Lower Granite Dam","4/21/2005","LGRRRR - LGR - Release below the PIT-Tag Diversion System Gate with subsequent Return to the River at the Facility","4/22/2005","3","Steelhead","2","Summer","H","Hatchery Reared","","No Hatchery Specified","Lower Snake","170601","17060107","Lower Snake-Tucannon","Lower Snake","170601","17060107","Lower Snake-Tucannon","","Bypass Sub-Sample","BPSUB","1"
"3D9.1BF239C5B7","DMM05104.TP1","DMM - Tiffani Marsh Projects","LGR - Lower Granite Dam","4/14/2005","LGRRBR - LGR - Release below the PIT-Tag Diversion System Gate with subsequent Barge Transportation from the Facility","4/14/2005","3","Steelhead","2","Summer","W","Wild Fish or Natural Production","","No Hatchery Specified","Lower Snake","170601","17060107","Lower Snake-Tucannon","Lower Snake","170601","17060107","Lower Snake-Tucannon","","Bypass Sub-Sample","BPSUB","1"
"3D9.1BF239C905","WDM05111.SC1","WDM - Bill Muir Projects","LGR - Lower Granite Dam","4/21/2005","LGRRRR - LGR - Release below the PIT-Tag Diversion System Gate with subsequent Return to the River at the Facility","4/22/2005","3","Steelhead","2","Summer","H","Hatchery Reared","","No Hatchery Specified","Lower Snake","170601","17060107","Lower Snake-Tucannon","Lower Snake","170601","17060107","Lower Snake-Tucannon","","Bypass Sub-Sample","BPSUB","1"
"3D9.1BF239F3F6","WDM05129.SC1","WDM - Bill Muir Projects","LGR - Lower Granite Dam","5/9/2005","LGRRRR - LGR - Release below the PIT-Tag Diversion System Gate with subsequent Return to the River at the Facility","5/10/2005","3","Steelhead","2","Summer","W","Wild Fish or Natural Production","","No Hatchery Specified","Lower Snake","170601","17060107","Lower Snake-Tucannon","Lower Snake","170601","17060107","Lower Snake-Tucannon","","Bypass Facility Raceway Collection","BPRCOL","1"
"3D9.1BF23D660B","WDM05137.SC1","WDM - Bill Muir Projects","LGR - Lower Granite Dam","5/17/2005","LGRRRR - LGR - Release below the PIT-Tag Diversion System Gate with subsequent Return to the River at the Facility","5/18/2005","3","Steelhead","2","Summer","H","Hatchery Reared","","No Hatchery Specified","Lower Snake","170601","17060107","Lower Snake-Tucannon","Lower Snake","170601","17060107","Lower Snake-Tucannon","","Bypass Facility Raceway Collection","BPRCOL","1"
"3D9.1BF23DEBE9","WDM05117.SC1","WDM - Bill Muir Projects","LGR - Lower Granite Dam","4/27/2005","LGRRRR - LGR - Release below the PIT-Tag Diversion System Gate with subsequent Return to the River at the Facility","4/28/2005","3","Steelhead","2","Summer","H","Hatchery Reared","","No Hatchery Specified","Lower Snake","170601","17060107","Lower Snake-Tucannon","Lower Snake","170601","17060107","Lower Snake-Tucannon","","Bypass Sub-Sample","BPSUB","1"
"3D9.1BF23DF524","WDM05109.SC1","WDM - Bill Muir Projects","LGR - Lower Granite Dam","4/19/2005","LGRRRR - LGR - Release below the PIT-Tag Diversion System Gate with subsequent Return to the River at the Facility","4/20/2005","3","Steelhead","2","Summer","H","Hatchery Reared","","No Hatchery Specified","Lower Snake","170601","17060107","Lower Snake-Tucannon","Lower Snake","170601","17060107","Lower Snake-Tucannon","","Bypass Sub-Sample","BPSUB","1"
"3D9.1BF23DF94E","WDM05116.SC1","WDM - Bill Muir Projects","LGR - Lower Granite Dam","4/26/2005","LGRRRR - LGR - Release below the PIT-Tag Diversion System Gate with subsequent Return to the River at the Facility","4/27/2005","3","Steelhead","2","Summer","H","Hatchery Reared","","No Hatchery Specified","Lower Snake","170601","17060107","Lower Snake-Tucannon","Lower Snake","170601","17060107","Lower Snake-Tucannon","","Bypass Sub-Sample","BPSUB","1"
