"","event_site_name","site_class","state"
"1","BO1 - Bonneville Bradford Is. Ladder","BON (adult)","mainstem, BON to MCN"
"2","BO2-BO3-BO4","BON (adult)","mainstem, BON to MCN"
"3","BON - Bonneville Dam Complex","BON (adult)","mainstem, BON to MCN"
"4","MC1 - McNary Oregon Shore Ladder","MCN (adult)","mainstem, MCN to ICH or PRA"
"5","MC2 - McNary Washington Shore Ladder","MCN (adult)","mainstem, MCN to ICH or PRA"
"6","PRA1 - Priest Rapids Adult West Ladder","PRA (adult)","mainstem, PRA to RIS"
"7","PRA2 - Priest Rapids Adult East Ladder","PRA (adult)","mainstem, PRA to RIS"
"8","RIA1 - Rock Island Adult Left Ladder","RIS (adult)","mainstem, RIS to RRE"
"9","RIA2 - Rock Island Adult Middle Ladder","RIS (adult)","mainstem, RIS to RRE"
"10","RIA3 - Rock Island Adult Right Ladder","RIS (adult)","mainstem, RIS to RRE"
"11","RRF - Rocky Reach Fishway","RRE (adult)","mainstem, RRE to WEL"
"12","WEA1 - Wells Dam, DCPUD Left Adult Ladder","WEL (adult)","mainstem, upstream of WEL"
"13","WEA2 - Wells Dam, DCPUD Right Adult Ladder","WEL (adult)","mainstem, upstream of WEL"
"14","ICH1 - Ice Harbor Dam North Ladder","ICH (adult)","mainstem, ICH to LGR"
"15","ICH2 - Ice Harbor Dam South Ladder","ICH (adult)","mainstem, ICH to LGR"
"16","GRA - Lower Granite Dam Adult","LGR (adult)","mainstem, upstream of LGR"
"17","ACM - Asotin Creek near mouth","ASO_RM","Asotin Creek Mouth"
"18","ACB - Asotin Cr. at Cloverland Brdg.","ASO_upstream","Asotin Creek Upstream"
"19","AFC - No./So. Fk Asotin Cr. Jct. ISA","ASO_upstream","Asotin Creek Upstream"
"20","CCA - Lower Charley Creek ISA","ASO_upstream","Asotin Creek Upstream"
"21","SNJ - Snake River Trap","ASO_upstream","Asotin Creek Upstream"
"22","BBA - Big Bear Creek Array","CLE_sites","Clearwater River"
"23","CLC - Clear Creek near Kooskia NFH","CLE_sites","Clearwater River"
"24","CLJ - Clearwater River Trap","CLE_sites","Clearwater River"
"25","CRA - Crooked River Array","CLE_sites","Clearwater River"
"26","CRT - Crooked River Satellite Fac.","CLE_sites","Clearwater River"
"27","DWL - Dworshak NFH adult trap","CLE_sites","Clearwater River"
"28","EPR - East Fork Potlatch Array","CLE_sites","Clearwater River"
"29","HLM - Potlatch River near Helmer","CLE_sites","Clearwater River"
"30","JA1 - Jacks Creek Seasonal IPTDS","CLE_sites","Clearwater River"
"31","JUL - Potlatch River near Juliaetta","CLE_sites","Clearwater River"
"32","KHS - Big Bear Cr. @ Kendrick HS","CLE_sites","Clearwater River"
"33","LAP - Lapwai Creek, near its mouth","CLE_sites","Clearwater River"
"34","LC1 - Lower Lolo Creek at rkm 21","CLE_sites","Clearwater River"
"35","LC2 - Upper Lolo Creek at rkm 25","CLE_sites","Clearwater River"
"36","LRL - Lower Lochsa River Array Site","CLE_sites","Clearwater River"
"37","LRU - Lochsa River Upper Site","CLE_sites","Clearwater River"
"38","MIS - Mission Creek","CLE_sites","Clearwater River"
"39","PCM - Pine Creek Mouth, Potlatch R.","CLE_sites","Clearwater River"
"40","RRT - Red River Satellite Facility","CLE_sites","Clearwater River"
"41","SC1 - Lower SF Clearwater R at rkm 1","CLE_sites","Clearwater River"
"42","SC2 - Lower SF Clearwater R at rkm 2","CLE_sites","Clearwater River"
"43","SC3 - South Fork Clearwater Site 3","CLE_sites","Clearwater River"
"44","SC4 - South Fork Clearwater Site 4","CLE_sites","Clearwater River"
"45","SW1 - Lower Selway River Array","CLE_sites","Clearwater River"
"46","SW2 - Upper Selway River Array","CLE_sites","Clearwater River"
"47","SWT - Sweetwater Cr. near its mouth","CLE_sites","Clearwater River"
"48","WEB - Webb Creek","CLE_sites","Clearwater River"
"49","DRM - Deschutes River mouth","DES_RM","Deschutes River Mouth"
"50","DBH - Buck Hollow Ck Deschutes Trib","DES_upstream","Deschutes River Upstream"
"51","DBO - Bakeoven Ck Deschutes Trib","DES_upstream","Deschutes River Upstream"
"52","DSF - Deschutes Sherars Falls","DES_upstream","Deschutes River Upstream"
"53","PEL - Pelton Dam Ladder - Deschutes","DES_upstream","Deschutes River Upstream"
"54","RBF - Round Butte Fish Xfer Facility","DES_upstream","Deschutes River Upstream"
"55","SHK - Shitike Creek PIT Array","DES_upstream","Deschutes River Upstream"
"56","TR1 - Lower Trout Cr - Deschutes","DES_upstream","Deschutes River Upstream"
"57","TR2 - Trout/Antelope Cr - Deschutes","DES_upstream","Deschutes River Upstream"
"58","WSH - Warm Springs Hatchery","DES_upstream","Deschutes River Upstream"
"59","WSR - Warm Springs River PIT Array","DES_upstream","Deschutes River Upstream"
"60","ENL - Lower Entiat River","ENT_RM","Entiat River Mouth"
"61","3D1 - Top of 3D Side Channel","ENT_upstream","Entiat River Upstream"
"62","3D2 - Middle-1 of 3D Side Channel","ENT_upstream","Entiat River Upstream"
"63","3D3 - Middle-2 of 3D Side Channel","ENT_upstream","Entiat River Upstream"
"64","3D4 - Bottom of 3D Side Channel","ENT_upstream","Entiat River Upstream"
"65","EHL - Entiat NFH Adult Ladder","ENT_upstream","Entiat River Upstream"
"66","ENA - Upper Entiat River at rkm 17.1","ENT_upstream","Entiat River Upstream"
"67","ENF - Upper Entiat River at rkm 40.6","ENT_upstream","Entiat River Upstream"
"68","ENM - Middle Entiat River","ENT_upstream","Entiat River Upstream"
"69","ENS - Upper Entiat River at rkm 35.7","ENT_upstream","Entiat River Upstream"
"70","HN1 - Top of Harrison side channel","ENT_upstream","Entiat River Upstream"
"71","HN2 - Middle Harrison Side Channel","ENT_upstream","Entiat River Upstream"
"72","HN3 - Bottom Harrison Side Channel","ENT_upstream","Entiat River Upstream"
"73","HS1 - Top of side channel near ENFH","ENT_upstream","Entiat River Upstream"
"74","HS2 - Bottom side channel near ENFH","ENT_upstream","Entiat River Upstream"
"75","MAD - Mad River, Entiat River Basin","ENT_upstream","Entiat River Upstream"
"76","PD1 - Top of Chelan PUD side channel","ENT_upstream","Entiat River Upstream"
"77","PD2 - Bot of Chelan PUD side channel","ENT_upstream","Entiat River Upstream"
"78","RCT - Roaring Creek Temporary Array","ENT_upstream","Entiat River Upstream"
"79","SR1 - Top of Entiat R side channel","ENT_upstream","Entiat River Upstream"
"80","SR2 - Bot of Entiat R side channel","ENT_upstream","Entiat River Upstream"
"81","TLT - Tillicum Creek Temporary Array","ENT_upstream","Entiat River Upstream"
"82","TY1 - Low Flow Top of Tyee Channel","ENT_upstream","Entiat River Upstream"
"83","TY2 - High Flow Top of Tyee Channel","ENT_upstream","Entiat River Upstream"
"84","TY3 - Middle of Tyee Channel","ENT_upstream","Entiat River Upstream"
"85","TY4 - Bottom of Tyee Channel","ENT_upstream","Entiat River Upstream"
"86","UMR - Upper Mad Rv. Temporary Array","ENT_upstream","Entiat River Upstream"
"87","URT - Upper Roaring Temporary Array","ENT_upstream","Entiat River Upstream"
"88","WAJ - WANAPUM DAM JUVENILE (G-DIP)","ENT_upstream","Entiat River Upstream"
"89","WL1 - Top of Wilson Creek channel","ENT_upstream","Entiat River Upstream"
"90","WL2 - Bottom of Wilson Creek channel","ENT_upstream","Entiat River Upstream"
"91","158 - Fifteenmile Ck at Eightmile Ck","FIF_RM","Fifteenmile Creek Mouth"
"92","15D - Fifteenmile Ck at Dry Ck","FIF_upstream","Fifteenmile Creek Upstream"
"93","15R - Fifteenmile Ck at Ramsey Ck","FIF_upstream","Fifteenmile Creek Upstream"
"94","CCP - Catherine Creek Acc. Pond","GRRO_sites","Grande Ronde River"
"95","CCU - Catherine Creek at Union","GRRO_sites","Grande Ronde River"
"96","CCW - Catherine Creek Ladder/Weir","GRRO_sites","Grande Ronde River"
"97","GRP - Grande Ronde Acc. Pond","GRRO_sites","Grande Ronde River"
"98","JOC - Joseph Creek ISA @ km 3","GRRO_sites","Grande Ronde River"
"99","LOP - Lostine River Acc. Pond","GRRO_sites","Grande Ronde River"
"100","MR1 - Minam River at river km 0.5","GRRO_sites","Grande Ronde River"
"101","UGR - Upper Grande Ronde at rkm 155","GRRO_sites","Grande Ronde River"
"102","UGS - Upper Grande Ronde Starkey","GRRO_sites","Grande Ronde River"
"103","WEN - Wenaha River Mouth","GRRO_sites","Grande Ronde River"
"104","WR1 - Wallowa River at river km 14","GRRO_sites","Grande Ronde River"
"105","WR2 - Wallowa River at rkm 32","GRRO_sites","Grande Ronde River"
"106","HRM - Hood River Mouth","HOOD_RM","Hood River Mouth"
"107","EFD - East Fork Diversion Fishway","HOOD_upstream","Hood River Upstream"
"108","FID - Farmer's Diversion, Hood River","HOOD_upstream","Hood River Upstream"
"109","MVF - Moving Falls Fish Ladder","HOOD_upstream","Hood River Upstream"
"110","SND - Sandtrap Acclimation Site","HOOD_upstream","Hood River Upstream"
"111","IR1 - Lower Imnaha River ISA @ km 7","IMN_RM","Imnaha River Mouth"
"112","BSC - Big Sheep Creek ISA at km 6","IMN_upstream","Imnaha River Upstream"
"113","CMP - Camp Creek at rkm 2 - Imnaha","IMN_upstream","Imnaha River Upstream"
"114","COC - Cow Creek ISA @ stream mouth","IMN_upstream","Imnaha River Upstream"
"115","CZY - Crazyman Creek at 0.6 km","IMN_upstream","Imnaha River Upstream"
"116","GCM - Grouse Creek Mouth","IMN_upstream","Imnaha River Upstream"
"117","IMJ - Imnaha River Trap","IMN_upstream","Imnaha River Upstream"
"118","IML - Imnaha River Weir Adult Ladder","IMN_upstream","Imnaha River Upstream"
"119","IR2 - Lower Imnaha River ISA @ km 10","IMN_upstream","Imnaha River Upstream"
"120","IR3 - Upper Imnaha River ISA @ km 41","IMN_upstream","Imnaha River Upstream"
"121","IR4 - Imnaha Weir Downstream Array","IMN_upstream","Imnaha River Upstream"
"122","IR5 - Imnaha Weir Upstream Array","IMN_upstream","Imnaha River Upstream"
"123","JD1 - John Day River, McDonald Ferry","JDR_RM","John Day River Mouth"
"124","30M - Thirtymile Crk John Day Basin","JDR_upstream","John Day River Upstream"
"125","BR0 - Bridge Creek Gauge","JDR_upstream","John Day River Upstream"
"126","BR1 - Bridge Creek Kiosk","JDR_upstream","John Day River Upstream"
"127","BR2 - Bridge Creek Gable","JDR_upstream","John Day River Upstream"
"128","BR3 - Bridge Creek Ranch","JDR_upstream","John Day River Upstream"
"129","JDC - Cottonwood Creek, NF John Day","JDR_upstream","John Day River Upstream"
"130","JDM - Upper John Day River Array","JDR_upstream","John Day River Upstream"
"131","MJ1 - Middle Fork John Day Array","JDR_upstream","John Day River Upstream"
"132","MJ2 - Middle Fork John Day Ritter","JDR_upstream","John Day River Upstream"
"133","RCJ - Rock Creek John Day Basin","JDR_upstream","John Day River Upstream"
"134","SJ1 - SF John Day (Mid)","JDR_upstream","John Day River Upstream"
"135","SJ2 - SF John Day (Murderer's)","JDR_upstream","John Day River Upstream"
"136","LMR - Lower Methow River at Pateros","MET_RM","Methow River Mouth"
"137","18N - 1890s Channel Methow River","MET_upstream","Methow River Upstream"
"138","BDP - Biddle Acclimation Pond","MET_upstream","Methow River Upstream"
"139","BVC - Beaver Creek, Methow River","MET_upstream","Methow River Upstream"
"140","CAP - Carlton Acc. Pond","MET_upstream","Methow River Upstream"
"141","CML - Chewuch River Middle Lower","MET_upstream","Methow River Upstream"
"142","CMU - Chewuch River Middle Upper","MET_upstream","Methow River Upstream"
"143","CRU - Upper Chewuch Instream Array","MET_upstream","Methow River Upstream"
"144","CRW - Chewuch River above Winthrop","MET_upstream","Methow River Upstream"
"145","CWP - Chewuch Acclimation Pond","MET_upstream","Methow River Upstream"
"146","EMC - Eightmile Creek, Methow River","MET_upstream","Methow River Upstream"
"147","EWC - Early Winters Creek rkm 0.36","MET_upstream","Methow River Upstream"
"148","GL2 - SF Gold Creek, Methow River","MET_upstream","Methow River Upstream"
"149","GLC - Gold Creek, Methow River","MET_upstream","Methow River Upstream"
"150","GWP - Goat Wall Acclimation Pond","MET_upstream","Methow River Upstream"
"151","HSL - Hancock Springs Lower","MET_upstream","Methow River Upstream"
"152","HSM - Hancock Springs Middle","MET_upstream","Methow River Upstream"
"153","HSU - Hancock Springs Upper","MET_upstream","Methow River Upstream"
"154","LBC - Libby Creek, Methow River","MET_upstream","Methow River Upstream"
"155","LBT - Little Bridge Creek (Twisp R.)","MET_upstream","Methow River Upstream"
"156","LMB - Lower Methow River Barge","MET_upstream","Methow River Upstream"
"157","LOR - Lost River at rkm 0.81","MET_upstream","Methow River Upstream"
"158","LTP - Lower Twisp Acclimation Pond","MET_upstream","Methow River Upstream"
"159","M3R - 3R side channel Methow River","MET_upstream","Methow River Upstream"
"160","MEM - Eightmile Acclimation Pond","MET_upstream","Methow River Upstream"
"161","MEW - Early Winters Acclimation Pond","MET_upstream","Methow River Upstream"
"162","MHB - Habermehl side channel Methow","MET_upstream","Methow River Upstream"
"163","MRB - Methow River Basin","MET_upstream","Methow River Upstream"
"164","MRC - Methow River at Carlton","MET_upstream","Methow River Upstream"
"165","MRT - Methow River at Twisp","MET_upstream","Methow River Upstream"
"166","MRW - Methow River at Winthrop","MET_upstream","Methow River Upstream"
"167","MSB - Stansberry side channel Methow","MET_upstream","Methow River Upstream"
"168","MSC - Methow River Side Channels","MET_upstream","Methow River Upstream"
"169","MSH - Methow Fish Hatchery Outfall","MET_upstream","Methow River Upstream"
"170","MTP - Twisp Acclimation Pond","MET_upstream","Methow River Upstream"
"171","MVP - Mid-Valley Acclimation Pond","MET_upstream","Methow River Upstream"
"172","MWF - Whitefish SC in Methow River","MET_upstream","Methow River Upstream"
"173","SCP - Spring Creek Acclimation Pond","MET_upstream","Methow River Upstream"
"174","SGP - SF Gold Creek Pond Complex","MET_upstream","Methow River Upstream"
"175","SSC - Silver Side Channel (Methow)","MET_upstream","Methow River Upstream"
"176","TWR - Lwr Twisp Rvr near MSRF Ponds","MET_upstream","Methow River Upstream"
"177","WFC - Wolf Creek, Methow River","MET_upstream","Methow River Upstream"
"178","OKL - Lower Okanogan Instream Array","OKA_RM","Okanogan River Mouth"
"179","AEN - Aeneas Creek Temporary Array","OKA_upstream","Okanogan River Upstream"
"180","ANR - Antoine Creek at AV Ranch","OKA_upstream","Okanogan River Upstream"
"181","ANT - Antoine Creek Instream Array","OKA_upstream","Okanogan River Upstream"
"182","BPC - Bonaparte Creek Instream Array","OKA_upstream","Okanogan River Upstream"
"183","JOH - Johnson Creek","OKA_upstream","Okanogan River Upstream"
"184","LLC - Loup Loup Creek Instream Array","OKA_upstream","Okanogan River Upstream"
"185","NMC - Ninemile Creek Instream Array","OKA_upstream","Okanogan River Upstream"
"186","OBF - Omak Creek below Mission Falls","OKA_upstream","Okanogan River Upstream"
"187","OKC - Okanagan Channel at VDS-3","OKA_upstream","Okanogan River Upstream"
"188","OKI - Inkaneep Creek ","OKA_upstream","Okanogan River Upstream"
"189","OKM - McIntyre Dam","OKA_upstream","Okanogan River Upstream"
"190","OKP - Penticton Channel PIT Array","OKA_upstream","Okanogan River Upstream"
"191","OKS - Shingle Creek","OKA_upstream","Okanogan River Upstream"
"192","OKV - Vasuex Creek, BC, Canada","OKA_upstream","Okanogan River Upstream"
"193","OKW - Shuttleworth Creek","OKA_upstream","Okanogan River Upstream"
"194","OMF - Omak Creek above Mission Falls","OKA_upstream","Okanogan River Upstream"
"195","OMH - Omak Creek Haley Creek Road","OKA_upstream","Okanogan River Upstream"
"196","OMK - Omak Creek Instream Array","OKA_upstream","Okanogan River Upstream"
"197","OMP - Omak Acclimation Pond","OKA_upstream","Okanogan River Upstream"
"198","RVP - Riverside Acclimation Pond","OKA_upstream","Okanogan River Upstream"
"199","SA0 - Salmon Creek below OID Div.","OKA_upstream","Okanogan River Upstream"
"200","SA1 - Salmon Creek Instream Array","OKA_upstream","Okanogan River Upstream"
"201","SAD - Salmon Creek Above OID Div.","OKA_upstream","Okanogan River Upstream"
"202","SKA - Skaha Dam Fish Ladder","OKA_upstream","Okanogan River Upstream"
"203","TNK - Tunk Creek Instream Array","OKA_upstream","Okanogan River Upstream"
"204","TON - Tonasket Creek","OKA_upstream","Okanogan River Upstream"
"205","WAN - Wanacut Creek","OKA_upstream","Okanogan River Upstream"
"206","WHS - Wildhorse Spring Creek","OKA_upstream","Okanogan River Upstream"
"207","ZSL - Zosel Dam Combined","OKA_upstream","Okanogan River Upstream"
"208","18M - Eighteenmile Creek","SAL_sites","Salmon River"
"209","AGC - Agency Creek, Lemhi R. Basin","SAL_sites","Salmon River"
"210","BHC - Bohannon Creek Lemhi R Basin","SAL_sites","Salmon River"
"211","BRC - Bear Valley Adult Video Weir","SAL_sites","Salmon River"
"212","BTC - Big Timber Creek","SAL_sites","Salmon River"
"213","BTL - Lower Big Timber, Lemhi Basin","SAL_sites","Salmon River"
"214","BTM - Big Timber Creek - Middle","SAL_sites","Salmon River"
"215","BTU - Big Timber Creek - Upper","SAL_sites","Salmon River"
"216","CAC - Canyon Creek ISA @ km 1","SAL_sites","Salmon River"
"217","CEY - Cearley Creek Side Channel","SAL_sites","Salmon River"
"218","CHN - CHALLIS DIVERSION NORTH","SAL_sites","Salmon River"
"219","CHS - CHALLIS DIVERSION SOUTH","SAL_sites","Salmon River"
"220","CRC - Carmen Creek, Salmon R. Basin","SAL_sites","Salmon River"
"221","ESS - EFSF Salmon River at Parks Cr.","SAL_sites","Salmon River"
"222","EVL - Eagle Valley Ranch - Lower","SAL_sites","Salmon River"
"223","EVU - Eagle Valley Ranch - Upper","SAL_sites","Salmon River"
"224","HEC - Hawley Cr/18 Mile Cr Array","SAL_sites","Salmon River"
"225","HYC - Hayden Creek In-stream Array","SAL_sites","Salmon River"
"226","KEN - Kenney Creek In-stream Arrays","SAL_sites","Salmon River"
"227","KRS - SF Salmon River at Krassel Cr.","SAL_sites","Salmon River"
"228","LB8 - Big Eightmile Creek","SAL_sites","Salmon River"
"229","LBS - Big Springs Creek","SAL_sites","Salmon River"
"230","LCL - Lee Creek, Lemhi R. Basin","SAL_sites","Salmon River"
"231","LLR - Lower Lemhi River","SAL_sites","Salmon River"
"232","LLS - Lemhi Little Springs Instream","SAL_sites","Salmon River"
"233","LRW - Lemhi River Weir","SAL_sites","Salmon River"
"234","MAR - Marsh Cr at Lola Cr Campground","SAL_sites","Salmon River"
"235","NFS - North Fork Salmon River","SAL_sites","Salmon River"
"236","PCA - Panther Creek Array","SAL_sites","Salmon River"
"237","RFL - Redfish Lake Creek","SAL_sites","Salmon River"
"238","RPJ - Rapid River Hatchery Pond","SAL_sites","Salmon River"
"239","S2I - Lemhi Sub-reach 2 SC Inlet","SAL_sites","Salmon River"
"240","S2O - Lemhi Sub-reach 2 SC Outlet","SAL_sites","Salmon River"
"241","S3A - Eagle Valley Ranch S3A","SAL_sites","Salmon River"
"242","S3B - Eagle Valley Ranch S3B","SAL_sites","Salmon River"
"243","SAJ - Salmon River Trap","SAL_sites","Salmon River"
"244","SFG - SF Salmon at Guard Station Br.","SAL_sites","Salmon River"
"245","STL - Sawtooth Hatchery Adult Trap","SAL_sites","Salmon River"
"246","STR - SF Salmon Satellite Facility","SAL_sites","Salmon River"
"247","TAY - Big Creek at Taylor Ranch","SAL_sites","Salmon River"
"248","USE - Upper Salmon River at rkm 437","SAL_sites","Salmon River"
"249","USI - Upper Salmon River at rkm 460","SAL_sites","Salmon River"
"250","VC1 - Valley Creek, Upstream Site","SAL_sites","Salmon River"
"251","VC2 - Valley Creek, Downstream Site","SAL_sites","Salmon River"
"252","WB1 - White Bird Cr Seasonal IPTDS","SAL_sites","Salmon River"
"253","WPC - Wimpey Creek, Lemhi R. Basin","SAL_sites","Salmon River"
"254","YFK - Yankee Fork Salmon River","SAL_sites","Salmon River"
"255","YPP - Yellow Pine Pit Lake","SAL_sites","Salmon River"
"256","ZEN - Secesh River at Zena Cr. Ranch","SAL_sites","Salmon River"
"257","LTR - Lower Tucannon River","TUC_RM","Tucannon River Mouth"
"258","MTR - Middle Tucannon River","TUC_upstream","Tucannon River Upstream"
"259","TFH - Tucannon Fish Hatchery","TUC_upstream","Tucannon River Upstream"
"260","TPJ - Tucannon at Panjab Creek","TUC_upstream","Tucannon River Upstream"
"261","UTR - Upper Tucannon River","TUC_upstream","Tucannon River Upstream"
"262","TMF - Three Mile Falls Dam Combined","UMA_RM","Umatilla River Mouth"
"263","BC1 - Birch Creek Taylor Lane","UMA_upstream","Umatilla River Upstream"
"264","FDC - Feed Canal","UMA_upstream","Umatilla River Upstream"
"265","FDD - Feed Diversion Dam","UMA_upstream","Umatilla River Upstream"
"266","MWC - Maxwell Canal","UMA_upstream","Umatilla River Upstream"
"267","TMA - 3-Mile Falls Dam Adult Fishway","UMA_upstream","Umatilla River Upstream"
"268","TMJ - 3-Mile Falls Dam Smolt Bypass","UMA_upstream","Umatilla River Upstream"
"269","UM1 - Umatilla River USFWS","UMA_upstream","Umatilla River Upstream"
"270","UM2 - Umatilla River Instream Array","UMA_upstream","Umatilla River Upstream"
"271","UMF - Umatilla R below Feed Dam","UMA_upstream","Umatilla River Upstream"
"272","UMW - Umatilla R Recycled Water Fac","UMA_upstream","Umatilla River Upstream"
"273","ORB - Oasis Road Bridge","WAWA_RM","Walla Walla River Mouth"
"274","PRV - Walla Walla R at Pierce RV Prk","WAWA_RM","Walla Walla River Mouth"
"275","WWB - Walla Walla River Barge Array","WAWA_RM","Walla Walla River Mouth"
"276","BBT - Touchet River at Bolles Bridge","WAWA_upstream","Walla Walla River Upstream"
"277","BGM - Burlingame Dam and Canal","WAWA_upstream","Walla Walla River Upstream"
"278","COP - Lower Coppei Instream Array","WAWA_upstream","Walla Walla River Upstream"
"279","HST - Touchet River at Harvey Shaw","WAWA_upstream","Walla Walla River Upstream"
"280","JPT - Juvenile Pond Touchet","WAWA_upstream","Walla Walla River Upstream"
"281","KCB - Kiwanis Camp Bridge, Mill C","WAWA_upstream","Walla Walla River Upstream"
"282","LWD - Lowden Diversion Dam","WAWA_upstream","Walla Walla River Upstream"
"283","MBD - Mill Crk Bennington Diversion","WAWA_upstream","Walla Walla River Upstream"
"284","MCD - Mill Creek Diversion Project","WAWA_upstream","Walla Walla River Upstream"
"285","MCI - Mill Creek Intake Dam","WAWA_upstream","Walla Walla River Upstream"
"286","MDR - McDonald Road Bridge","WAWA_upstream","Walla Walla River Upstream"
"287","MDW - Mill Creek Division Works","WAWA_upstream","Walla Walla River Upstream"
"288","NBA - Nursery Bridge Adult","WAWA_upstream","Walla Walla River Upstream"
"289","NFW - North Fork Walla Walla River","WAWA_upstream","Walla Walla River Upstream"
"290","PAT - Pattit Creek Instream Site","WAWA_upstream","Walla Walla River Upstream"
"291","RSB - Roosevelt Street Bridge","WAWA_upstream","Walla Walla River Upstream"
"292","WW1 - Harris Bridge S F Walla Walla","WAWA_upstream","Walla Walla River Upstream"
"293","WW2 - SF Walla Walla at Bear Creek","WAWA_upstream","Walla Walla River Upstream"
"294","YHC - Yellowhawk Creek","WAWA_upstream","Walla Walla River Upstream"
"295","LWE - Lower Wenatchee River","WEN_RM","Wenatchee River Mouth"
"296","BBP - Blackbird Pond Accl. Site","WEN_upstream","Wenatchee River Upstream"
"297","BCP - Butcher Creek Acclimation Pond","WEN_upstream","Wenatchee River Upstream"
"298","BMT - Big Meadow Temporary Array","WEN_upstream","Wenatchee River Upstream"
"299","BVP - Beaver Creek Acclimation Pond","WEN_upstream","Wenatchee River Upstream"
"300","BVT - Beaver Creek Temporary Array","WEN_upstream","Wenatchee River Upstream"
"301","CCM - Chumstick Creek at Merry","WEN_upstream","Wenatchee River Upstream"
"302","CCS - Chumstick Creek at Sunitsch","WEN_upstream","Wenatchee River Upstream"
"303","CCT - Chikamin Creek Temporary Array","WEN_upstream","Wenatchee River Upstream"
"304","CHL - Lower Chiwawa River","WEN_upstream","Wenatchee River Upstream"
"305","CHM - Chumstick Creek","WEN_upstream","Wenatchee River Upstream"
"306","CHP - Chiwawa Acc. Pond","WEN_upstream","Wenatchee River Upstream"
"307","CHU - Upper Chiwawa River","WEN_upstream","Wenatchee River Upstream"
"308","CHW - Chiwaukum Creek","WEN_upstream","Wenatchee River Upstream"
"309","CLP - Coulter Creek Acclimation Pond","WEN_upstream","Wenatchee River Upstream"
"310","DRP - Dryden Acc. Pond","WEN_upstream","Wenatchee River Upstream"
"311","ICL - Lower Icicle Instream Array","WEN_upstream","Wenatchee River Upstream"
"312","ICM - Middle Icicle Instream Array","WEN_upstream","Wenatchee River Upstream"
"313","ICU - Upper Icicle Instream Array","WEN_upstream","Wenatchee River Upstream"
"314","LHC - Leavenworth NFH Coho Releases","WEN_upstream","Wenatchee River Upstream"
"315","LNF - Leavenworth NFH Adult Ladder","WEN_upstream","Wenatchee River Upstream"
"316","LWB - Lower Wenatchee Barge","WEN_upstream","Wenatchee River Upstream"
"317","LWN - Little Wenatchee River","WEN_upstream","Wenatchee River Upstream"
"318","MCL - Lower Mission Creek Instream","WEN_upstream","Wenatchee River Upstream"
"319","MWE - Middle Wenatchee River","WEN_upstream","Wenatchee River Upstream"
"320","NAL - Lower Nason Creek","WEN_upstream","Wenatchee River Upstream"
"321","NAS - Nason Creek Releases","WEN_upstream","Wenatchee River Upstream"
"322","NAU - Upper Nason Creek","WEN_upstream","Wenatchee River Upstream"
"323","PES - Peshastin Creek","WEN_upstream","Wenatchee River Upstream"
"324","PEU - Upper Peshastin Creek","WEN_upstream","Wenatchee River Upstream"
"325","RFP - Rolfing Acclimation Pond","WEN_upstream","Wenatchee River Upstream"
"326","TCT - Tronsen Creek Temporary Array","WEN_upstream","Wenatchee River Upstream"
"327","TUF - Tumwater Dam Adult Fishway","WEN_upstream","Wenatchee River Upstream"
"328","UCT - Upper Chiwawa Temporary Array","WEN_upstream","Wenatchee River Upstream"
"329","UNT - Upper Nason Temporary Array","WEN_upstream","Wenatchee River Upstream"
"330","UPT - Upper Peshastin Temporary Arr.","WEN_upstream","Wenatchee River Upstream"
"331","UWE - Upper Wenatchee River","WEN_upstream","Wenatchee River Upstream"
"332","WPT - White Pine Temporary Array","WEN_upstream","Wenatchee River Upstream"
"333","WTL - White River, Wenatchee Basin","WEN_upstream","Wenatchee River Upstream"
"334","PRO - Prosser Diversion Dam Combined","YAK_RM","Yakima River Mouth"
"335","1BC - Upper Big Creek, Yakima Basin","YAK_upstream","Yakima River Upstream"
"336","1LC - Upper Little Creek, Yakima","YAK_upstream","Yakima River Upstream"
"337","2BC - Lower Big Creek, Yakima Basin","YAK_upstream","Yakima River Upstream"
"338","2LC - Lower Little Creek, Yakima","YAK_upstream","Yakima River Upstream"
"339","AH1 - Ahtanum at Lasalle HS","YAK_upstream","Yakima River Upstream"
"340","CFJ - Clark Flat Acc. Pond","YAK_upstream","Yakima River Upstream"
"341","CLE - Cle Elum Dam Interim Bypass","YAK_upstream","Yakima River Upstream"
"342","ESJ - Easton Acc. Pond","YAK_upstream","Yakima River Upstream"
"343","JCJ - Jack Creek Acc. Pond","YAK_upstream","Yakima River Upstream"
"344","LMC - Lower Manastash Creek","YAK_upstream","Yakima River Upstream"
"345","LMT - Lower Mainstem Teanaway River","YAK_upstream","Yakima River Upstream"
"346","LNR - Lower Naches River","YAK_upstream","Yakima River Upstream"
"347","LWC - Lower Wenas Creek","YAK_upstream","Yakima River Upstream"
"348","NFT - North Fork Teanaway River","YAK_upstream","Yakima River Upstream"
"349","PRJ - Prosser Dam (Chandler Dvrsn.)","YAK_upstream","Yakima River Upstream"
"350","ROZ - Roza Diversion Dam (Combined)","YAK_upstream","Yakima River Upstream"
"351","RZF - Roza Dam Fishway","YAK_upstream","Yakima River Upstream"
"352","SAT - Lower Satus Creek","YAK_upstream","Yakima River Upstream"
"353","SM1 - Simcoe Creek at Stephensen Rd","YAK_upstream","Yakima River Upstream"
"354","SSJ - SUNNYSIDE JUVENILE","YAK_upstream","Yakima River Upstream"
"355","SUN - Sunnyside Instream Array","YAK_upstream","Yakima River Upstream"
"356","SWK - Lower Swauk Creek","YAK_upstream","Yakima River Upstream"
"357","TAN - Taneum Creek Instream","YAK_upstream","Yakima River Upstream"
"358","TKC - Tucker Creek, Yakima Basin","YAK_upstream","Yakima River Upstream"
"359","TLC - Tillman Creek, Yakima Basin","YAK_upstream","Yakima River Upstream"
"360","TOP - Lower Toppenish Creek","YAK_upstream","Yakima River Upstream"
"361","TP2 - Toppenish Creek at Simcoe Ck","YAK_upstream","Yakima River Upstream"
"362","UMC - Upper Manastash Creek","YAK_upstream","Yakima River Upstream"
"363","UMT - Upper main stem Teanaway River","YAK_upstream","Yakima River Upstream"
"364","WPJ - WAPATO DIVERSION JUVENILE","YAK_upstream","Yakima River Upstream"
"365","Y1J - YAKIMA RIVER TRAP JUVENILE","YAK_upstream","Yakima River Upstream"
"366","85M - Eightmile Ck at Fivemile Ck","BON_MCN_other_trib_sites","BON to MCN other tributaries"
"367","CAL - Carson NFH Adult Return Ladder","BON_MCN_other_trib_sites","BON to MCN other tributaries"
"368","CBL - Clear Branch below the Dam","BON_MCN_other_trib_sites","BON to MCN other tributaries"
"369","CBS - Clear Branch Dam spillway","BON_MCN_other_trib_sites","BON to MCN other tributaries"
"370","CFF - Castile Falls Fishway","BON_MCN_other_trib_sites","BON to MCN other tributaries"
"371","HLX - Hemlock Dam Fish Ladder Exp.","BON_MCN_other_trib_sites","BON to MCN other tributaries"
"372","KLR - Klickitat Riv. Floating Array","BON_MCN_other_trib_sites","BON to MCN other tributaries"
"373","LFF - Lyle Falls Fishway","BON_MCN_other_trib_sites","BON to MCN other tributaries"
"374","LKR - Little Klickitat River Array","BON_MCN_other_trib_sites","BON to MCN other tributaries"
"375","LWL - Ltl. White Salmon NFH returns","BON_MCN_other_trib_sites","BON to MCN other tributaries"
"376","MIN - Mine Reach of Wind River, WA","BON_MCN_other_trib_sites","BON to MCN other tributaries"
"377","MTD - Mill Creek at The Dalles","BON_MCN_other_trib_sites","BON to MCN other tributaries"
"378","RCL - Rock Creek (WA) at rkm 5","BON_MCN_other_trib_sites","BON to MCN other tributaries"
"379","RCS - Rock Creek (WA) at rkm 14","BON_MCN_other_trib_sites","BON to MCN other tributaries"
"380","RCX - Rattlesnake Creek Flat Plates","BON_MCN_other_trib_sites","BON to MCN other tributaries"
"381","SCL - Spring Creek NFH Adult Ladder","BON_MCN_other_trib_sites","BON to MCN other tributaries"
"382","SFL - Shipherd Falls Ladder","BON_MCN_other_trib_sites","BON to MCN other tributaries"
"383","SUC - Summit Creek, Klickitat","BON_MCN_other_trib_sites","BON to MCN other tributaries"
"384","SWC - Swale Creek Array","BON_MCN_other_trib_sites","BON to MCN other tributaries"
"385","SYC - Snyder Creek PIT Tag Array","BON_MCN_other_trib_sites","BON to MCN other tributaries"
"386","TC4 - Trout Creek at 43 Road Bridge","BON_MCN_other_trib_sites","BON to MCN other tributaries"
"387","TRA - Trout Creek Auxillary Site","BON_MCN_other_trib_sites","BON to MCN other tributaries"
"388","TRC - Trout Creek, Wind River","BON_MCN_other_trib_sites","BON to MCN other tributaries"
"389","WHC - Lwr White Creek, Klickitat Bsn","BON_MCN_other_trib_sites","BON to MCN other tributaries"
"390","WRA - Upper Wind River Auxillary","BON_MCN_other_trib_sites","BON to MCN other tributaries"
"391","WRU - Upper Wind River (WA) rkm 30","BON_MCN_other_trib_sites","BON to MCN other tributaries"
"392","BCA - Blue Creek Instream Array","WEL_upstream_other_trib_sites","Upstream WEL other tributaries"
"393","BSH - Big Sheep Crk. Upper Columbia ","WEL_upstream_other_trib_sites","Upstream WEL other tributaries"
"394","FST - Foster Creek","WEL_upstream_other_trib_sites","Upstream WEL other tributaries"
"395","NES - Nespelem River Instream Array","WEL_upstream_other_trib_sites","Upstream WEL other tributaries"
"396","ONC - Onion Creek Upper Columbia","WEL_upstream_other_trib_sites","Upstream WEL other tributaries"
"397","SPR - Sanpoil River Instream Array","WEL_upstream_other_trib_sites","Upstream WEL other tributaries"
"398","WFS - West Fork Sanpoil River","WEL_upstream_other_trib_sites","Upstream WEL other tributaries"
"399","ESANIS - East Sand Island, Columbia River","pre_BON_inriver","mainstem, mouth to BON"
"400","TWX - Estuary Towed Array (Exp.)","pre_BON_inriver","mainstem, mouth to BON"
"401","BONH - Bonneville Hatchery","pre_BON_inriver","mainstem, mouth to BON"
"402","PD7 - Columbia River Estuary rkm 70","pre_BON_inriver","mainstem, mouth to BON"
"403","BHL - Adult Fishway at BONH","pre_BON_inriver","mainstem, mouth to BON"
"404","BO1 - Bonneville Bradford Is. Ladder - ABORTED","BON_aborted","mainstem, mouth to BON"
"405","BO2-BO3-BO4 - ABORTED","BON_aborted","mainstem, mouth to BON"
"406","COLR4 - Columbia River - Bonneville Dam to John Day Dam (km 234-347)","BON_MCN_inriver","mainstem, BON to MCN"
"407","The Dalles Adult Fishways (combined)","BON_MCN_inriver","mainstem, BON to MCN"
"408","JDJ - John Day Dam Juvenile","BON_MCN_inriver","mainstem, BON to MCN"
"409","LMILIS - Little Miller Island, Columbia River","BON_MCN_inriver","mainstem, BON to MCN"
"410","TDLPI - Lone Pine Island and associated unnamed islands near The Dalles Dam","BON_MCN_inriver","mainstem, BON to MCN"
"411","COLR5 - Columbia River - John Day Dam to Snake River (km 347-522)","BON_MCN_inriver","mainstem, BON to MCN"
"412","JO2 - John Day North Fish Ladder","BON_MCN_inriver","mainstem, BON to MCN"
"413","JDALD1 - JDA - Release into south fish ladder","BON_MCN_inriver","mainstem, BON to MCN"
"414","JO1 - John Day South Fish Ladder","BON_MCN_inriver","mainstem, BON to MCN"
"415","JDALD2 - JDA - Release into north fish ladder","BON_MCN_inriver","mainstem, BON to MCN"
"416","John Day Dam Adult Fishways (combined)","BON_MCN_inriver","mainstem, BON to MCN"
"417","MC1 - McNary Oregon Shore Ladder - ABORTED","BON_MCN_inriver","mainstem, BON to MCN"
"418","MC2 - McNary Washington Shore Ladder - ABORTED","BON_MCN_inriver","mainstem, BON to MCN"
"419","BADGEI - Badger Island, Columbia River","MCN_ICH_PRA_inriver","mainstem, MCN to ICH or PRA"
"420","PRH - Priest Rapids Hatchery Outfall","MCN_ICH_PRA_inriver","mainstem, MCN to ICH or PRA"
"421","RSH - Ringold Springs Hatch. Outfall","MCN_ICH_PRA_inriver","mainstem, MCN to ICH or PRA"
"422","PRA2 - Priest Rapids Adult East Ladder - ABORTED","MCN_ICH_PRA_inriver","mainstem, MCN to ICH or PRA"
"423","GRJ - Lower Granite Dam Juvenile","ICH_LGR_inriver","mainstem, ICH to LGR"
"424","GOJ - Little Goose Dam Juvenile","ICH_LGR_inriver","mainstem, ICH to LGR"
"425","LMJ - Lower Monumental Dam Juvenile","ICH_LGR_inriver","mainstem, ICH to LGR"
"426","LGRTAL - LGR - Release into the Tailrace within 0.5 km downstream of Dam","ICH_LGR_inriver","mainstem, ICH to LGR"
"427","LMA - Lower Monumental Adult Ladders","ICH_LGR_inriver","mainstem, ICH to LGR"
"428","GOA - Little Goose Fish Ladder","ICH_LGR_inriver","mainstem, ICH to LGR"
"429","LYFE - Lyons Ferry Hatchery","ICH_LGR_inriver","mainstem, ICH to LGR"
"430","SNAKE1 - Snake River - mouth to Palouse River (km 0-96)","ICH_LGR_inriver","mainstem, ICH to LGR"
"431","SNAKE2 - Snake River - Palouse River to Clearwater River (km 96-224)","ICH_LGR_inriver","mainstem, ICH to LGR"
"432","GRA - Lower Granite Dam Adult - ABORTED","ICH_LGR_inriver","mainstem, ICH to LGR"
"433","CHJO - Chief Joseph Hatchery","upstream_WEL_inriver","mainstem, upstream of WEL"
"434","OXBO - Oxbow Hatchery (IDFG)","upstream_WEL_inriver","mainstem, upstream of WEL"
"435","COLR8 - Columbia River - Chelan Falls, WA to Grand Coulee Dam (km 809-960)","upstream_WEL_inriver","mainstem, upstream of WEL"
"436","WELFBY - WEL - Release into the Forebay within 0.5 km upstream of Dam","upstream_WEL_inriver","mainstem, upstream of WEL"
"437","SNAKE4 - Snake River - Salmon River to Hells Canyon Dam (km 303-397)","upstream_LGR_inriver","mainstem, upstream of LGR"
"438","WELH - Wells Hatchery","RRE_WEL_inriver","mainstem, RRE to WEL"
"439","WEH - Wells Dam Hatchery","RRE_WEL_inriver","mainstem, RRE to WEL"
"440","WELTAL - WEL - Release into the Tailrace within 0.5 km downstream of Dam","RRE_WEL_inriver","mainstem, RRE to WEL"
"441","EBO - East Bank Hatchery Outfall","RRE_WEL_inriver","mainstem, RRE to WEL"
"442","WEA1 - Wells Dam, DCPUD Left Adult Ladder - ABORTED","RRE_WEL_inriver","mainstem, RRE to WEL"
"443","WEA2 - Wells Dam, DCPUD Right Adult Ladder - ABORTED","RRE_WEL_inriver","mainstem, RRE to WEL"
"444","BCC - BON PH2 Corner Collector","BON_fallback_arrays","mainstem, mouth to BON"
"445","B2J - Bonneville PH2 Juvenile","BON_fallback_arrays","mainstem, mouth to BON"
"446","BO1 - Bonneville Bradford Is. Ladder - DESCENT","BON_fallback_arrays","mainstem, mouth to BON"
"447","MCJ - McNary Dam Juvenile","MCN_fallback_arrays","mainstem, BON to MCN"
"448","MC1 - McNary Oregon Shore Ladder - DESCENT","MCN_fallback_arrays","mainstem, BON to MCN"
"449","MC2 - McNary Washington Shore Ladder - DESCENT","MCN_fallback_arrays","mainstem, BON to MCN"
"450","ICB - Ice Harbor Bypass","ICH_fallback_arrays","mainstem, MCN to ICH or PRA"
"451","GRJ - Lower Granite Dam Juvenile","LGR_fallback_arrays","mainstem, ICH to LGR"
"452","GRS - Lower Granite Dam Spillway","LGR_fallback_arrays","mainstem, ICH to LGR"
"453","GRA - Lower Granite Dam Adult - DESCENT","LGR_fallback_arrays","mainstem, ICH to LGR"
"454","RRJ - Rocky Reach Dam Juvenile","RRE_fallback_arrays","mainstem, RIS to RRE"
"455","RI2BYP - RIS - Release into the PH2 Juvenile Facility Bypass Flume/Pipe","RIS_fallback_arrays","mainstem, PRA to RIS"
"456","WEJ - Wells Dam Bypass Bay Sample","WEL_fallback_arrays","mainstem, RRE to WEL"
"457","WEA1 - Wells Dam, DCPUD Left Adult Ladder - DESCENT","WEL_fallback_arrays","mainstem, RRE to WEL"
"458","WEA2 - Wells Dam, DCPUD Right Adult Ladder - DESCENT","WEL_fallback_arrays","mainstem, RRE to WEL"
"459","WEA1 - Wells Dam, DCPUD Left Adult Ladder - TRAPPED","WEL_trap_arrays","WEL traps"
"460","WEA2 - Wells Dam, DCPUD Right Adult Ladder - TRAPPED","WEL_trap_arrays","WEL traps"
"461","lost","lost","lost"
